alpha,beta,A,omega
1.478448894051366,0.16433560784915616,0.5,1.2185517033482713
0.5656629854584949,0.10988871305717735,0.5,0.7549539809235334
0.5300443803113253,0.16289881244905596,0.5,0.7323985357526437
1.758818873766545,0.15711587551617504,0.5,1.3285165458713324
1.3807145713820876,0.08575067380547545,0.5,1.1764625820983914
0.8370578453054367,0.25718904535476195,0.5,0.9203826880105943
1.6276884077279232,0.12863579247442392,0.5,1.2777766797728998
0.895538296217562,0.06907128308119531,0.5,0.9477533398584893
1.129966864574402,0.17149804518559117,0.5,1.066145396728075
1.1765470805016633,0.1806379445555005,0.5,1.0879353152696454
1.9329718688318565,0.18414427558021082,0.5,1.3928980596571698
1.837852503774564,0.2190781323383826,0.5,1.3588267892998842
0.9179495382784153,0.13133027174373385,0.5,0.9607703300052541
0.9178014466690635,0.06184039223792202,0.5,0.959279462404391
1.1329993622708943,0.28035770928668635,0.5,1.0695563731238786
0.506116587478983,0.19797596279807964,0.5,0.7168333303675151
0.9633856516176893,0.04806922191654809,0.5,0.9824781705456893
1.9276310246954216,0.06906812557443726,0.5,1.3893628029966374
1.7573071674027192,0.1278508459983974,0.5,1.3275169833469294
1.302692385646406,0.18532274499462367,0.5,1.1445224136611563
1.2282328189362315,0.2964004049694549,0.5,1.1134679877550817
1.9176900202261828,0.07944152442085518,0.5,1.3859268396181208
1.3897612811962459,0.2157314609478027,0.5,1.1824501221571755
1.9143018778530654,0.2796224863213238,0.5,1.387524641664065
1.9968226164111806,0.12168103958637302,0.5,1.414770575754254
0.5506469814735443,0.21492876957215548,0.5,0.7476915383598751
0.6778409031385203,0.05604144230371149,0.5,0.8246393284209219
1.6417982569652705,0.13152785832156966,0.5,1.2833300681940545
0.6892062034899591,0.0956942300025053,0.5,0.8324327356305925
1.0127642826778473,0.11936304821324085,0.5,1.0086758159828544
0.950028934694708,0.09318738955627956,0.5,0.9765598123511177
1.3265676358845844,0.23618776534341435,0.5,1.1557654262298693
0.5759296434476552,0.17347001481724228,0.5,0.7633516986955972
1.1764555689913063,0.24120825810664,0.5,1.0889801497610492
1.3331248432419833,0.11696220546641797,0.5,1.1565870824944464
0.678755786482788,0.10601704381103252,0.5,0.8263758692366667
1.0121376290336574,0.10422172606359059,0.5,1.008071817981247
1.2568276237297211,0.08081803949475913,0.5,1.1224903466834293
0.9559476658585826,0.21460213579537576,0.5,0.9820033410269486
1.1267545027296921,0.2667638992264737,0.5,1.0663840619322975
1.1218415024691692,0.0623085907868378,0.5,1.0603185520383862
0.639970763235282,0.02068524733363733,0.5,0.800486589962163
1.3819946008839772,0.026721141140097424,0.5,1.176026528382656
0.6110837923585871,0.022408374641676394,0.5,0.7822781599233278
1.3707791478384206,0.15187208862370175,0.5,1.1733335635275606
0.6243072739357958,0.23268385824429588,0.5,0.7958621030985603
1.308685726482968,0.10906394875998822,0.5,1.1458385737011147
1.7761534743937353,0.12712567466120647,0.5,1.3345858237896087
0.9331943904674371,0.2688670138995221,0.5,0.9714406869170589
0.6241172850326484,0.2759674091536387,0.5,0.796804406333645
0.9807201383546998,0.03464389956022642,0.5,0.9909961733938588
1.13674879023109,0.08324429630352884,0.5,1.067708068975526
1.4182484100946955,0.2954742084865748,0.5,1.195738420961584
0.7272977455995191,0.2408896729671114,0.5,0.8583166656018028
0.5059420455854283,0.27349497793950256,0.5,0.7187666124418901
1.7646234701402088,0.24304808036433723,0.5,1.3319600353537042
1.1826339769324938,0.13115244156445452,0.5,1.0898427038711163
1.3604459132318185,0.16239855538908912,0.5,1.1690977746970974
1.7019922445846776,0.21394242722577067,0.5,1.3078032614457666
1.6448705568877575,0.21353429172867808,0.5,1.285772818253057
1.7929010977248523,0.17263453138576382,0.5,1.3415083429137176
0.9829265550060227,0.012166097992953557,0.5,0.9916661702452456
0.7906918301590189,0.29102122764540994,0.5,0.8955779401391695
0.5190553733219473,0.11018145933219503,0.5,0.7234357860771826
1.0940855768084203,0.025416401723585124,0.5,1.0464599395107048
1.4097577078311143,0.19507009764993,0.5,1.1905366997789546
1.3497764468519096,0.1703511111068573,0.5,1.1646590862263175
1.8182243288497095,0.18593859208507063,0.5,1.3511060487996611
1.7416674845962867,0.2386685675791813,0.5,1.323249967132948
1.2448029342436926,0.03945453714278836,0.5,1.116397835496304
0.6840365424883681,0.2739813613723594,0.5,0.8335100115877289
1.2508649027226455,0.22553672811875305,0.5,1.122352409524203
1.8792291336495233,0.0800696160106013,0.5,1.3719901067518443
1.8212837166185714,0.17731117770035648,0.5,1.3521131367224755
1.5111133899595957,0.274752399525827,0.5,1.2336311870109613
1.4883586096550483,0.13404703367138013,0.5,1.2221271709228285
1.7435481781684992,0.21202018612654586,0.5,1.3235672316467597
1.5305576160121637,0.22333225645258786,0.5,1.2406778519341122
1.4362892764898814,0.24965504226071647,0.5,1.202514626346886
1.1026423851141023,0.15060629295760758,0.5,1.0528653491462043
1.0992601438461087,0.19207232270011498,0.5,1.052028026694908
1.2295153068832616,0.16923415363974093,0.5,1.111812041673328
1.8225948484199481,0.14233021568655577,0.5,1.3520926826479773
1.462290258228166,0.0687760342888189,0.5,1.2103622689375164
1.73819741057809,0.13782838089639568,0.5,1.3204473983112146
1.2540213470885402,0.12788890590947394,0.5,1.1220592709280688
1.3046981493692809,0.07150983872878872,0.5,1.1434559468753591
1.5481894332480297,0.019240441438995913,0.5,1.2445645877140088
1.5418644171397184,0.1554171118537731,0.5,1.2441605194152026
0.8292101856217493,0.18141769497795093,0.5,0.9144926540611606
1.8904021038754826,0.27748353576395285,0.5,1.378855070154678
0.8370105245286044,0.17323046433342332,0.5,0.9185735351846518
1.4872614335121834,0.12237501064499101,0.5,1.2214915911972146
1.0435325904882806,0.010643944148596273,0.5,1.0217379162762754
0.922251979135172,0.035423953263481085,0.5,0.9610596897745356
1.9898389906959975,0.08281024759061838,0.5,1.4117626450620182
1.5192962798538514,0.13523028686256441,0.5,1.2347383175938214
0.9250389496639766,0.059580905274205,0.5,0.9629986130707823
1.5907835337439238,0.2611979331462494,0.5,1.2653009831686093
1.6289765657303659,0.01696882962820022,0.5,1.2765733079763644
1.0443027600236874,0.18123272992718997,0.5,1.025369281545175
1.89974699624392,0.21139955237267766,0.5,1.381305466310214
1.9542276965662104,0.10003976612118608,0.5,1.3993339486806997
0.8981337446354697,0.17376895549163585,0.5,0.9512736695921745
1.5960330770710276,0.23247265055884178,0.5,1.2669309531239192
0.802850608143856,0.23739876649323785,0.5,0.9011792260477369
0.827628824766719,0.06188009177485503,0.5,0.9110686120439416
1.6589674037999522,0.221126997857142,0.5,1.2913578811289095
1.9178236438201792,0.27457750019095867,0.5,1.3887221923125548
1.243956131599622,0.037170796359005394,0.5,1.1159785463136804
0.9710469436949225,0.110195350699531,0.5,0.9875988302856696
0.9234603474819406,0.26486870810729135,0.5,0.9663367846627705
1.1806886375539758,0.07558674998639814,0.5,1.0879527769969244
1.460420994983473,0.06506657301113226,0.5,1.2095299326563689
1.8784843548726393,0.2747110331794334,0.5,1.3744872697141326
1.6212786334630787,0.2122451299673588,0.5,1.276545909418235
1.8193408803413988,0.11787939935769626,0.5,1.3505352806864428
1.638252937844844,0.2831532235988042,0.5,1.2842560533794156
1.1455885612648693,0.2525427325932427,0.5,1.0749202350671387
1.930179532069019,0.17387142089324553,0.5,1.3917511934421545
1.4105382242305748,0.24651052770149298,0.5,1.1917078256514533
1.1798045448620453,0.18160228058923922,0.5,1.0894486605377798
1.5178964890220155,0.17704874616952693,0.5,1.2348329667081546
1.6301753890606872,0.09581411853176587,0.5,1.2782480698463168
1.3570181391012872,0.18587474700118925,0.5,1.1680234892355639
1.2250244320897987,0.014986067133053286,0.5,1.1070726377872337
1.8708256807366044,0.22420831303955815,0.5,1.3709791457074436
1.2618632076542617,0.24334434796163215,0.5,1.1275499307110586
1.3070759455747836,0.06299611943044468,0.5,1.1443499165421542
1.9049628190397956,0.0976666397133192,0.5,1.3815852931157009
1.9417233093093362,0.07400643836087818,0.5,1.394494240148667
1.477712911808772,0.01869220369090093,0.5,1.2159124458674841
1.1423170326014556,0.10879081290959104,0.5,1.0707785362672977
0.7170689374326201,0.13415893666838205,0.5,0.8498879460824402
0.6492428671842434,0.24005246178521666,0.5,0.8115540132811423
0.956577124025644,0.2427587207262038,0.5,0.9828834552244795
0.5149441134185444,0.1764980534251433,0.5,0.7223839482093052
1.7722066551346471,0.07727754939286204,0.5,1.3323758138782789
0.8355584214573333,0.2265629959021585,0.5,0.9189170465742603
0.7391373343942202,0.03094074670748751,0.5,0.8604335868110226
1.238021056202779,0.23156662369565087,0.5,1.116721374130938
1.4588504714263673,0.0990279729593327,0.5,1.2094291015268697
0.5605111533604455,0.2953714410062921,0.5,0.7563392759038459
0.6910898863216217,0.09149712485089388,0.5,0.833465051913462
1.9397173228731146,0.09823368527082833,0.5,1.3941142622482585
1.4150694847236545,0.2635940522723461,0.5,1.1938869826706977
1.899428678626483,0.08618756224977783,0.5,1.3794184935243057
0.816323418868861,0.2701456198186366,0.5,0.9093272140121105
1.7004935577173415,0.016149718155184546,0.5,1.3042715998145396
0.7194848179207698,0.293215124404323,0.5,0.8549494334273892
1.4313310452999732,0.25414079954324026,0.5,1.2005242272782881
1.7064451881280522,0.12860522523960766,0.5,1.3082311835982867
0.752030664956477,0.24986069047866755,0.5,0.8728063062205152
0.6367993578472486,0.27197282545854123,0.5,0.80462618422577
1.4697185598052158,0.26011157764800524,0.5,1.2165028435261016
1.2185645074103297,0.06689582309118935,0.5,1.1050690591541459
1.3070638879524294,0.01914924116909248,0.5,1.1435960410851365
1.5409375197466706,0.13944403363589847,0.5,1.2435371133627549
1.7706677935011417,0.29399461284198736,0.5,1.3349726431898452
1.4555183791529274,0.14728599081724175,0.5,1.208830731810383
1.7465170609762544,0.13048907059640338,0.5,1.3234856592711635
1.9606192293620928,0.11951883677363848,0.5,1.4018872757549241
1.9834262701391143,0.18622136063802713,0.5,1.410921876660447
1.0890395176865901,0.26422409337781577,0.5,1.0485040635754166
0.8626681004176141,0.2538378360210842,0.5,0.9341218554809579
1.7941473753489414,0.01408144685328222,0.5,1.3396631785141546
0.9955524010290446,0.12321695700329462,0.5,1.0001827650044695
1.7093631832222274,0.021928948151367117,0.5,1.307753716400527
0.8024840093129262,0.11167143616994603,0.5,0.898246166030401
0.762338493776199,0.04608022756125091,0.5,0.8741501602501199
1.1507917560248953,0.0482580221412397,0.5,1.0736278847975156
1.0876827850882251,0.21372121096014934,0.5,1.0469151206718508
0.6223606280582774,0.09560293362056117,0.5,0.7912617251281845
1.9378488898894795,0.09709605913843458,0.5,1.393428040732486
0.9862634223529163,0.18583118680709312,0.5,0.9967559646611444
0.6735904863971318,0.14284239346089259,0.5,0.8241178722680985
0.8704013034748357,0.0729657617894728,0.5,0.9344792820307666
0.6096709505928488,0.052251212032195696,0.5,0.7821202040369859
1.341565050469817,0.02533561532628788,0.5,1.1586866370781619
1.6908987873565768,0.2891671418653236,0.5,1.3046817155289987
1.5051016790161538,0.15322174925604204,0.5,1.2292627479902203
1.0989279052604555,0.15637315251688946,0.5,1.051207035521855
1.6771297055344636,0.16005940759014967,0.5,1.2974521286519414
1.1299857876714317,0.21977205238550607,0.5,1.067038253048006
0.5103872712714832,0.29069714721437373,0.5,0.7223175399950805
1.1112858428609491,0.0822666345685698,0.5,1.05569852859317
0.673750412960444,0.012051327412439142,0.5,0.8211097173566346
0.7212855448738031,0.16462079584325492,0.5,0.8530627437131634
0.7127183419949534,0.21525579133434172,0.5,0.8491918342423879
0.9488723692041449,0.13516497462279028,0.5,0.976807171874443
0.9952315437310177,0.08399942455858131,0.5,0.9992561089394637
1.3709490190717322,0.16282849267450566,0.5,1.173588303906796
1.901098009566083,0.22577180207595637,0.5,1.3819975472426407
1.3815596198085864,0.14111958738708966,0.5,1.1777402530655452
1.7652647108011066,0.29062222012288924,0.5,1.3328980235841963
1.967849902755463,0.1836265802733152,0.5,1.4053550498174436
1.2902610648239576,0.15965521039705663,0.5,1.1386384836637538
0.6535826046480617,0.03527169185107149,0.5,0.8092962406381202
0.573355093736825,0.16891706769642847,0.5,0.7615467265333866
1.7645065889667937,0.03697664023281005,0.5,1.3288908867833686
1.4496499576141932,0.029922930312681763,0.5,1.2044994072557829
1.2407244065594583,0.24586094034401978,0.5,1.118180821487136
1.5947141954772728,0.26085677290866055,0.5,1.2668480229171206
0.5047252291480079,0.15408325049451738,0.5,0.7146636314522028
1.7813009040748606,0.08582467230010364,0.5,1.335909214855779
1.5812344826057358,0.08021896647758113,0.5,1.2587168212047404
1.3097571774667878,0.21885061917472723,0.5,1.1481750867260188
1.522341488900195,0.012549891609939919,0.5,1.2340306799432534
1.390304743754816,0.19253204950180308,0.5,1.1822967169617278
1.1687634112632235,0.1400123958994129,0.5,1.0836201573789794
1.2482071776420345,0.2784903681108497,0.5,1.122089883942621
0.5096472531382774,0.2287471978701479,0.5,0.7201268572654961
1.4828809303553265,0.11984598169792639,0.5,1.2196566787483278
1.974656851863994,0.19918988493397036,0.5,1.4079906628753711
1.1527804146524647,0.04575520243190808,0.5,1.0745081327041974
0.6902489175263542,0.028526043349527436,0.5,0.8314825410642698
1.455427356323526,0.2298305563174401,0.5,1.210126072948466
1.164333196817312,0.18696705666379176,0.5,1.0824216357169887
0.7477526823961005,0.10668161563057191,0.5,0.8671331691307107
1.204987468614124,0.21054815511134667,0.5,1.1014590350635656
0.7184124221214838,0.26545911293440966,0.5,0.853687248774681
1.72906540981666,0.06804841802210954,0.5,1.3159496765247707
1.2251883879181578,0.15345529658813578,0.5,1.109586740836935
1.6291208164851736,0.04063442818904474,0.5,1.2769918162761686
0.6787282286307725,0.0955649865449099,0.5,0.8261121206698779
0.6261579598098097,0.08898022573713023,0.5,0.793494643887195
1.7742138122747155,0.16987021630042742,0.5,1.3344846824145082
1.1525003864728034,0.24869355626228098,0.5,1.0780607489906582
1.6632359258239346,0.028997386129932898,0.5,1.290104118363954
0.6482851929933778,0.10113255014406806,0.5,0.8076110965268992
0.8551786214714897,0.03896419957468784,0.5,0.9255812554915834
1.8657126346355408,0.033519710526405656,0.5,1.3663901340129687
0.6744103182680412,0.12873844298085466,0.5,0.824280998020081
1.306460837975116,0.08369270204039864,0.5,1.1444343948643667
0.9165083294256017,0.2599236878842076,0.5,0.9626326394235646
0.9514103273412288,0.15030315236309003,0.5,0.97840765748762
0.5746554955886958,0.09623161166260603,0.5,0.7605356947042435
1.5202962337855994,0.1574446487759697,0.5,1.2354944011926605
0.572287191865599,0.09943901434118452,0.5,0.759059634260248
1.0037489328568054,0.24220828784831686,0.5,1.0065834262995197
1.3023355600226394,0.02036354963487115,0.5,1.1415476385943126
1.9588237524375525,0.18905635500985304,0.5,1.4022156632647935
1.7784263876790534,0.01616762535487118,0.5,1.3338133061056476
1.2300804237088117,0.1310632374118967,0.5,1.111395555785704
1.720884766254651,0.16051644419021735,0.5,1.3142126691886025
1.0221119004634405,0.04308023217134654,0.5,1.0118274171184698
0.550028981246091,0.2404099633909415,0.5,0.7479438451120844
0.8104445881094446,0.13900572199496475,0.5,0.9032577146777507
0.5848785929915725,0.2360552497143588,0.5,0.7707785033221539
0.9829124491927385,0.09127861986919611,0.5,0.9932159988045797
1.216741882104675,0.1250272233949471,1.0,1.1379296536809809
0.7139290524829696,0.11594700706850355,1.0,0.8867896773760869
1.498232813245383,0.09392264293222397,1.0,1.247771800081258
0.7316448835697702,0.25354925947030116,1.0,0.9434580916705885
1.3531011185535728,0.1316000596225808,1.0,1.198061415711935
1.4800969158969925,0.13481611865891796,1.0,1.2507425754562034
1.1307000952804613,0.09509195568868054,1.0,1.0909319720247852
1.7409995861852003,0.2844112147452669,1.0,1.3851918984028864
1.9863429040870608,0.25725001457902286,1.0,1.4653068495025028
1.645908880625971,0.054374398653147714,1.0,1.296106816502478
0.7398402187951605,0.2633531584705088,1.0,0.9510183714520075
0.7217445616521712,0.1395263364158679,1.0,0.899415655807752
0.8605858816247505,0.057503894049674084,1.0,0.9468504715137427
1.0436896861228115,0.27391666741596454,1.0,1.1022193988756455
1.5144201667014032,0.23093042716409437,1.0,1.2879253408792617
1.8797873498904893,0.15810676571187596,1.0,1.4066286213711179
1.4435251303866108,0.1716003296585562,1.0,1.2453013034696496
1.9933739922734466,0.0385307189037304,1.0,1.4203716737489094
1.6584077019516965,0.05164429334286809,1.0,1.3002635830057647
1.1363117632374211,0.11806431715748962,1.0,1.1000463451422635
0.5336256567665083,0.22717890261401658,1.0,0.8219564896636978
1.8493311730010726,0.23315520587017785,1.0,1.4124635133942165
1.5912251179718169,0.1537716007665713,1.0,1.2989735826609115
0.7810654031568072,0.21134778628715267,1.0,0.9555928890412891
0.7767608480382537,0.17752904254391336,1.0,0.942187083135934
1.107536789523772,0.024440946185256267,1.0,1.0596284164222651
0.9538190073458775,0.22831593504371717,1.0,1.0471468219634728
1.1939861062909949,0.21822197384918587,1.0,1.1534187617455927
1.6337183607352899,0.11558185412731482,1.0,1.306122896041893
1.0596973161613055,0.07832665221422998,1.0,1.0529251985754728
0.9230790954881429,0.29367423762815675,1.0,1.0519626866033513
0.6910810399395889,0.11060475358819531,1.0,0.8718996564583628
1.296746183739622,0.20154395010908302,1.0,1.19277456066006
0.9205743696992545,0.0872248257805919,1.0,0.9874663973078398
0.6930970236459102,0.19587416004599323,1.0,0.9030605592509596
0.9009438040113273,0.014880790829634085,1.0,0.9540672399154311
0.77886007527907,0.031506685012319534,1.0,0.8936172298091447
1.5312035534887385,0.25143266016590665,1.0,1.2993648317899136
1.2023102486318262,0.285985748340116,1.0,1.175181407844933
0.8369764369103547,0.16499755327231413,1.0,0.9695874935793836
1.9510729934135373,0.07158680101223515,1.0,1.4127330760077024
1.749650133099022,0.14469027206669405,1.0,1.3564960571784592
1.311243165604231,0.04427569855608273,1.0,1.1571151529566028
1.6755481449335772,0.01516626998641107,1.0,1.2980859230709978
1.7634948357300606,0.2716663353892381,1.0,1.3904266594640418
0.8339504011420381,0.0922019399939286,1.0,0.944233347027229
1.6846456710608237,0.20911118527404365,1.0,1.3473455985221836
1.378853224809264,0.24405084623795315,1.0,1.2374914156098153
0.6225180106453432,0.20206341632908664,1.0,0.8653367239699367
0.6149362196666422,0.10535894323005335,1.0,0.825097302859139
1.6321154269735731,0.09927101616703064,1.0,1.301598944405675
0.9612640032545623,0.0340141363147248,1.0,0.9912229004877083
1.7890866318475382,0.22270747464377982,1.0,1.3886247885947811
1.5365849634334103,0.25385320877065104,1.0,1.3020150609401826
1.8798322785777406,0.2758203881754098,1.0,1.4325571615776356
1.319572754303859,0.1316005057422977,1.0,1.1839860938342117
1.9258266601987233,0.2632069711065749,1.0,1.445797709619272
0.5216669473427081,0.2637637568480356,1.0,0.8285645993962875
1.5321696533981173,0.2784520753452488,1.0,1.3062167509601528
1.0365843328918651,0.27573426221616454,1.0,1.0995081840427419
1.224471757853232,0.1576514426385873,1.0,1.1502190702219943
1.3245606251294881,0.17433801641549704,1.0,1.1972977429984464
1.474971420650297,0.17180033618616716,1.0,1.2579136022663289
0.7348242271518641,0.11963608662432616,1.0,0.899775961721621
1.2467721356089887,0.28885931124213743,1.0,1.19470046670089
1.5576718990772576,0.02501346606318435,1.0,1.2543146795628073
0.7550008318567243,0.09455387214783963,1.0,0.9022732412906437
0.5911814011349582,0.29542736555715765,1.0,0.8808084380886583
1.7375710847221324,0.01924993249059899,1.0,1.3227253276961006
0.9846025466175381,0.06662055107374446,1.0,1.0130352368198396
0.8604866110087643,0.22351953959050969,1.0,1.0000931572872764
0.9142111552077762,0.093988086534261,1.0,0.9863841590839186
1.8975204005103659,0.06902993173900121,1.0,1.3930772081429088
1.4559446525351334,0.2027904158604782,1.0,1.2580495468970736
1.896746046233939,0.10425140750334666,1.0,1.4006795407670987
1.695898111240036,0.05602367779283512,1.0,1.3156416342836517
1.8058015923559476,0.1729058825928985,1.0,1.3834260981261375
0.6326428582311177,0.27293381082672097,1.0,0.89622903880527
0.668236288248149,0.28334988079656515,1.0,0.9194182746421794
1.851190194640044,0.20965939088227536,1.0,1.4079159470442353
1.5749298382413581,0.06552798589973713,1.0,1.2711745865256643
1.6644996556333642,0.1669790179222851,1.0,1.3299855419645705
1.293738374536172,0.1385545503880659,1.0,1.1748765758702968
0.9119995113410919,0.10242137165189576,1.0,0.987933635738518
1.1647989298931296,0.022952510837977405,1.0,1.0858840864322792
1.9377725716618581,0.11279657202112457,1.0,1.4171345840021903
1.7655543215695109,0.05007525687097931,1.0,1.340466842974444
1.0355028348605406,0.016603187761429886,1.0,1.0226826620273926
1.2647447782515289,0.2925026170970218,1.0,1.2031454250992135
1.4386145193685942,0.29914505053455764,1.0,1.274982421821059
1.271670761617878,0.051741684693556105,1.0,1.1419322723136214
1.0591989170375549,0.1549429855176637,1.0,1.075192207461575
1.3515227641895489,0.220626133213509,1.0,1.2204155429393677
1.3764621529290626,0.10107575609830095,1.0,1.1998476988728615
1.1413847630878893,0.12682264528019432,1.0,1.1048298133142547
0.6535839692446229,0.22942194634426294,1.0,0.8927332668327014
1.4941875887676301,0.2664853031337306,1.0,1.2886973668112354
1.772847297071738,0.19180187735970258,1.0,1.375762868528422
0.7592595850195745,0.2053106039362348,1.0,0.9421139593911775
1.4474042402190055,0.05075242577212295,1.0,1.2161926271469428
1.086096861554259,0.16206421464992204,1.0,1.0896728847275499
1.2377540274650778,0.11033951254533696,1.0,1.1431168893887944
1.4564915988401244,0.14660996003676838,1.0,1.2442358393259312
0.8308617682033633,0.07837728231066465,1.0,0.9380019027952602
0.9980901562496673,0.14697253431564775,1.0,1.0440057424156952
1.3353714633066907,0.07660387429006771,1.0,1.1761160166998759
1.6144224715565514,0.08637518581423054,1.0,1.2916682866318447
0.9227950220544207,0.2149991450861373,1.0,1.0281874769385477
1.145837340662517,0.040588483563225586,1.0,1.082222316758222
0.8692158147959095,0.09696849075437014,1.0,0.9642723274663599
0.973665692889663,0.11180234901491705,1.0,1.0215391138003411
1.0478963657810119,0.052397599449128064,1.0,1.039540699269017
1.2001383867537543,0.05890809035284442,1.0,1.1121852108458743
0.5615207079161555,0.150613272126234,1.0,0.8097246464045983
1.0351112868136871,0.14932559954014651,1.0,1.0622804650968023
1.6682958294881702,0.016783583375609493,1.0,1.2956795780971182
0.9623849548973633,0.09716321152201275,1.0,1.011489971328743
1.7616958231819864,0.17931641799068193,1.0,1.3688566705196576
0.9831223272504972,0.26270629845650734,1.0,1.071127333133561
1.5874011655342044,0.17070078806800384,1.0,1.3015718028893783
1.7491500156265745,0.28801785477490527,1.0,1.3889424663609686
1.6668978922350481,0.01722546059771725,1.0,1.2952466194160175
1.9494329878255487,0.14826419103799662,1.0,1.4290199813943458
1.570619431423602,0.12146182411002837,1.0,1.283173048147587
1.8277188236301385,0.2563362366845003,1.0,1.409939350311903
0.7984735763240438,0.27100883679097526,1.0,0.9837957609780617
1.9967630612444192,0.14598801580932227,1.0,1.4449932771903284
1.8255150995884015,0.1258133892052801,1.0,1.3799088621505775
0.708642521973897,0.1913586870816527,1.0,0.910077854581645
1.2465127093933606,0.03822533547741161,1.0,1.1271217964651126
1.483432626872792,0.023943000275091837,1.0,1.224090275283945
1.5458445662734934,0.26721587301089306,1.0,1.3087606683062039
0.5935926244820313,0.21750180783338266,1.0,0.854126017855618
1.3462158278261156,0.08176711283555685,1.0,1.1820830230353274
1.122089266681104,0.1822087040415558,1.0,1.1117417446093658
0.5738664620035189,0.024082568999933912,1.0,0.7674099736310948
1.1307031286431188,0.12446669550358265,1.0,1.0993156113386446
1.6791753564460756,0.1849605584242411,1.0,1.3396923921039585
1.7506103550231409,0.21157731753395656,1.0,1.3721684220538906
1.9792396262333902,0.18137923122562213,1.0,1.4465827476329876
0.9623176905858946,0.05254412042063785,1.0,0.9975759449028396
0.5546523999238111,0.27973349290297217,1.0,0.8540994280458035
1.5152742894841,0.24230977972065226,1.0,1.2910142918688032
1.4128878333138009,0.06022149641266205,1.0,1.2043779591854522
0.7232190877442626,0.07929470228552926,1.0,0.8790780833763963
1.4815432218850175,0.2744782327685877,1.0,1.2857262995542187
1.3290029445386276,0.048038333578217664,1.0,1.1657730924262293
1.168024391800918,0.24276389735235818,1.0,1.148804521076646
0.9701890542001828,0.2725893500162038,1.0,1.0679688188146272
1.4345130795339518,0.17852633314302518,1.0,1.2434194938749925
1.0071110868756175,0.28878901086371866,1.0,1.0897725536392635
0.65088395109408,0.04928110570815303,1.0,0.825641957607337
1.7297671947497995,0.1860439431011417,1.0,1.3586922606639125
0.5993513197597018,0.06856230371728401,1.0,0.8013755421667199
1.8517660304957515,0.18456171692424067,1.0,1.4025395194337313
0.895580482068097,0.25561237638871703,1.0,1.027296557626397
1.6190015511815987,0.01685808099077775,1.0,1.276533529446381
1.4520092048392563,0.2466778526365568,1.0,1.2673526986348767
0.5893782863566405,0.16698208880356877,1.0,0.8329118151754548
1.0919214727778408,0.14554079805177955,1.0,1.0876049243912989
1.4373654278195347,0.02370600257950043,1.0,1.2050650104586567
1.74534691199361,0.10509629243268968,1.0,1.3457459250408454
0.7985271286802682,0.23497610814861372,1.0,0.9723102366390841
1.8672965967610344,0.04285074354050823,1.0,1.3762551767291746
1.043604292391097,0.020960331505962625,1.0,1.0279613317544214
1.6372727735494181,0.03527619791712045,1.0,1.2881461086567854
0.6575885558859952,0.14821171286297788,1.0,0.8661529174605119
1.0936549669315654,0.19032073290113993,1.0,1.1011836472608816
1.7714296102964144,0.02793846057596215,1.0,1.3374943544390723
1.285517308615633,0.22892483827665575,1.0,1.1952386090394431
1.6460858216679983,0.23062452620127305,1.0,1.3379933297829978
0.5288204908398799,0.04764883375462908,1.0,0.7473961546171636
0.685680481647884,0.2626574217885587,1.0,0.9218684126629642
0.6801720795941659,0.15966152524905441,1.0,0.8831537424904142
1.600542842053077,0.015511172553563653,1.0,1.2689512697101706
1.797209745118278,0.12717090710578113,1.0,1.369923925646746
1.4764837048896613,0.20174555306494477,1.0,1.2659283848445977
0.8902562607854847,0.1616747901602586,1.0,0.9956420062631178
1.1350895130013967,0.2016138701080444,1.0,1.122986278553271
0.8335077924892682,0.02466652262752509,1.0,0.921370918323056
1.6958203309684,0.2584408937273907,1.0,1.3628447782297215
1.2181366736910832,0.222450550024315,1.0,1.1649756510143379
1.9653984244470148,0.2288437527003286,1.0,1.4520419311730361
1.119570343284274,0.2574696082344703,1.0,1.131586871800313
1.0975297833924413,0.12096704929760903,1.0,1.0831131931628601
1.9300120486055787,0.14921491741953222,1.0,1.4224174394293632
1.6005093261349224,0.011938149675340735,1.0,1.2680578337292074
0.8512784664660171,0.06058501173436114,1.0,0.9429443773627333
1.3460056946495622,0.19512821836582658,1.0,1.2115943343909312
0.7680591843306931,0.17629310886315283,1.0,0.9371458677122594
1.0539203837940823,0.11031432269715623,1.0,1.0596541112456483
0.9678525112775918,0.1346331634938128,1.0,1.0256696536708223
0.626855913168058,0.23296567444218694,1.0,0.8788967286856999
0.7536961638754589,0.22499621091822564,1.0,0.9456843002288606
1.4589463169738348,0.16342280174212953,1.0,1.2494340991275474
1.4784326932889233,0.18482275934951908,1.0,1.262516105989295
1.4292062549378923,0.2712879269832333,1.0,1.2644212942300572
0.7359926370365055,0.01728665454399759,1.0,0.864174054300697
1.5739191479445427,0.2233565832392968,1.0,1.3090137556454873
0.7446649929431726,0.24894396717255815,1.0,0.9488176708019415
0.6214903665365372,0.2788443767060357,1.0,0.8920583512180185
1.6082037734519483,0.11425953151638873,1.0,1.295999992534603
1.5883434659403053,0.1337334407432293,1.0,1.2930301104014645
0.9046768632382409,0.19009129619395854,1.0,1.011673822612538
1.534739646002133,0.14416834843321985,1.0,1.2746940275112673
0.9656053246770431,0.28539296487165905,1.0,1.0695681033584679
1.21941490047774,0.08548295980946576,1.0,1.1282028852820116
0.6019530816455069,0.015467399927218333,1.0,0.7820615107522032
1.4024293781269987,0.20247242069371632,1.0,1.2365171414341862
0.9021966459776314,0.2817564749166691,1.0,1.0384095737234658
1.2124704231644206,0.2963695209384157,1.0,1.1822442107073015
1.931593990497491,0.01987478916685714,1.0,1.3942796468882335
1.0097779926754682,0.013084809557752864,1.0,1.0089380549117293
1.919562534168922,0.11926203273527723,1.0,1.4121265186336776
1.9901277130713737,0.16606703253670413,1.0,1.4470382194008609
1.0287758154209645,0.11801263923529341,1.0,1.0500160546120345
1.8869562459370375,0.019918688709382033,1.0,1.3781891838134563
1.263845532214204,0.20505483383083703,1.0,1.179832531912253
1.5105391032406537,0.12996607167419538,1.0,1.261652843708215
1.581601071049528,0.20399105689993127,1.0,1.3073237860652522
0.6061858710526731,0.023167098894120056,1.0,0.7878231450404958
1.6573323363502557,0.19878611695059742,1.0,1.3347560299337025
0.9852306158108747,0.2109867612851485,1.0,1.056928257553034
0.5471065347532833,0.2622116947405651,1.0,0.8432015440961529
1.0327427206939452,0.265568702165237,1.0,1.0948621646340777
0.5589653630152794,0.06041682461201678,1.0,0.7724803417549148
1.2131750687862917,0.10564568034486878,1.0,1.1310188411347684
1.0651015240002877,0.2671822224979417,1.0,1.1099956815508345
1.928334967931023,0.1886958449442009,1.0,1.4304788956923302
1.5539338005906802,0.04108495898122113,1.0,1.2568261216070995
1.776437980528747,0.13558525118916318,1.0,1.364250256559248
1.977495702687806,0.212084077310157,1.0,1.4526005132198785
1.7214350465275818,0.1445681742808512,1.0,1.3460275463203246
1.9828233882899489,0.24571043385837416,1.0,1.4616403146641217
0.5854565387774335,0.1447791644515132,1.0,0.8221578416336058
1.6881129355364441,0.21412540356596743,1.0,1.3497930629415658
0.7972563756106473,0.23075897287405112,1.0,0.9702993010699994
1.355531051366441,0.12329118296614335,1.0,1.1969076993320247
1.3938807179032198,0.08431392723109686,1.0,1.2027372624237826
1.817438501615462,0.10900434140536414,1.0,1.373159209630775
0.9801573849461103,0.1368717279494821,1.0,1.0323285402014886
1.2524820084055972,0.2994190182902919,1.0,1.1998411956742565
1.6150446269293108,0.21964893061542276,1.0,1.323754210026903
1.5026876400167541,0.2542738330132475,1.0,1.2890340513927605
1.0472781055363813,0.04016347478982206,1.0,1.035557954573292
0.9934214048474024,0.2919136252971361,1.0,1.0843742069314046
1.182974074040051,0.05024551889826782,1.0,1.1019879869360956
1.4361530465970442,0.0489597341448844,1.0,1.2110957354551277
0.9297150211370695,0.1583781021273676,1.0,1.0142491483687202
1.107455512424962,0.16164255049176834,1.0,1.0993098318864964
0.6626341130477011,0.29140156294126507,1.5,1.2588275778642395
1.5966189626205096,0.03842906766826873,1.5,1.3108054525899873
1.3244070093446587,0.17765813422088603,1.5,1.3735095375180075
1.0074001446791212,0.21645025973544982,1.5,1.3008698223201727
1.8019771353537386,0.21095853343945067,1.5,1.5714525510063933
1.6602404004791502,0.10548363718213702,1.5,1.4120896647347703
1.8885288501941568,0.028081547016507023,1.5,1.4061936637785968
0.7848270636228918,0.058040993500638995,1.5,0.9841099504735268
1.8690023009310748,0.21971198020387966,1.5,1.601307196728633
1.1441163658209361,0.20529732615019816,1.5,1.3392871002302111
0.8936937790727175,0.24841698278728847,1.5,1.2960326533977153
0.723098380721612,0.059603612597890064,1.5,0.9548235105018746
0.5721125606920494,0.18043054073547016,1.5,1.0691146189664946
1.7094408639550225,0.23623159597880644,1.5,1.5674477337719157
1.83628556623356,0.18814980014141122,1.5,1.5593598985620651
1.1125365173016375,0.21464792578137598,1.5,1.3385424797029315
1.8314781483209635,0.014779294244047184,1.5,1.3704892407512796
1.4537472966575022,0.06065973167717353,1.5,1.2828400051905573
1.5035992537952236,0.2569171630350255,1.5,1.5220056553642416
1.1434323755822788,0.2529116270456933,1.5,1.3941522766654806
1.6539877780185068,0.17087798679720573,1.5,1.4814372778214542
0.8409586394687689,0.08921430020459438,1.5,1.059829354759467
1.4380468256173473,0.28047348938994227,1.5,1.5249532699857435
0.5090824830772767,0.19925774729595144,1.5,1.0674954094191098
1.0445772767542005,0.0975655361065453,1.5,1.1633059489409123
0.7555172098844318,0.2545099939190303,1.5,1.249320910542549
1.8649179362872588,0.09559865679978882,1.5,1.4722085658349637
1.7926379692206356,0.04452210625457999,1.5,1.3905066328650746
1.2800517655763053,0.2020992189146016,1.5,1.3854624951341292
1.3117917431285742,0.19992111176551378,1.5,1.394401174635243
1.9961454369908291,0.23204968872803386,1.5,1.652381661491035
0.5084499013723256,0.24606805702823664,1.5,1.1344710719375928
1.1538162813930022,0.18413899175128995,1.5,1.317741841174161
1.8402655557834997,0.04501602537582883,1.5,1.4080834753572702
1.8489566962927597,0.28334802344688526,1.5,1.6569512822440406
0.9064003980945334,0.12400942325837332,1.5,1.1396376458651145
1.5726639064908379,0.29516502762819596,1.5,1.5832196631297493
1.4630323508287904,0.12910948389112872,1.5,1.3680434303058748
1.3938030092611926,0.076048242938038,1.5,1.2784460891771419
1.164905032639336,0.011287662472933654,1.5,1.0957280238191422
0.8384542025911291,0.2943750871051691,1.5,1.330366632411843
1.5746582228766033,0.09599447192567674,1.5,1.370543954677828
1.3044877891566267,0.2983628185411675,1.5,1.4995087177796065
0.5280830838018582,0.01737516102113538,1.5,0.7635831187371119
1.5023252164363678,0.10431265270813864,1.5,1.3536531938224476
0.7671606691556822,0.2045363839916686,1.5,1.1892546285927674
1.0753555843347022,0.16825624597022126,1.5,1.2679624846973412
0.7431166465611897,0.05507121319160517,1.5,0.9577919435087419
1.7021657439193163,0.13405863696295484,1.5,1.458196025894638
0.9064610649477386,0.12135813908960624,1.5,1.1359779055558017
0.9255340988561291,0.022478327612913407,1.5,0.9983270668066969
0.7331338179456272,0.16032257526000415,1.5,1.113734468457017
1.219403851762917,0.018387321126325955,1.5,1.130301944178715
0.800319420494435,0.04475924833104268,1.5,0.9705361815341429
1.4680542945987,0.11932856766443396,1.5,1.3585349979755574
1.1944218184576032,0.07511702834041666,1.5,1.1967024655029974
1.3650089611782192,0.24848279166421686,1.5,1.466705166070632
1.949251351310267,0.08354911866989995,1.5,1.4878192042723966
1.5429966902381682,0.29667213271001147,1.5,1.5753367449980142
1.3327153800863285,0.2614051296818028,1.5,1.4696317730030737
1.7420556695388187,0.11518335478849107,1.5,1.4513796894848978
0.6211369196076261,0.2956164277643555,1.5,1.2475919898271157
0.929250576229341,0.21298603819206624,1.5,1.26615627498995
1.9526101064848986,0.012766306152640355,1.5,1.41173775788777
0.9017199596220492,0.24879006959425412,1.5,1.2995796586579904
0.9662073630867319,0.24871672189810504,1.5,1.3240704724324364
0.7147980598714865,0.2637428197854271,1.5,1.24470752612765
0.7434879285063881,0.2819351435089186,1.5,1.2788855865616267
0.6654794905366348,0.0832162609449107,1.5,0.9637328162839747
1.8106590081365637,0.059077246818260695,1.5,1.4133588041956886
1.4254023440843098,0.10566296156674017,1.5,1.3265468549646384
1.9503900384316144,0.15857090200582896,1.5,1.5659240987542893
1.087016616625891,0.2603383396707201,1.5,1.3822964206313633
1.8731319346157296,0.040789996461361104,1.5,1.4149890574821613
1.1847955325405948,0.28245828763640257,1.5,1.4417042721255804
0.8388272690090226,0.06284498209704506,1.5,1.0186622208443064
1.6450167992419784,0.2249382615418489,1.5,1.5351662833067088
1.3222907328821396,0.29931233810164676,1.5,1.5064307742664054
1.9345816486422653,0.2688621735909001,1.5,1.6689153273218276
1.2086451681011803,0.295452406603207,1.5,1.464061149122242
0.6970824501588271,0.16734740223779263,1.5,1.1075107629507908
0.6214610925058132,0.14676944024007932,1.5,1.0420406779562108
0.6732735387761355,0.2843408933647184,1.5,1.2541713984491671
1.4443851192314434,0.24023390178739984,1.5,1.4847559392390515
1.5644444517422562,0.0972158555937055,1.5,1.3682256739411502
1.8442185381573055,0.11060360357115269,1.5,1.4812748740803159
1.4996840230597561,0.2424947695275619,1.5,1.5056402723652345
1.3053807606995238,0.21987795790277026,1.5,1.4145983040694832
1.7438283818765068,0.020349505046151708,1.5,1.3446990323810737
0.9399451688009901,0.25295043238810555,1.5,1.3192028450086744
1.534213637528508,0.16334919493384192,1.5,1.4321524708018583
0.6109704891879314,0.04345095172638274,1.5,0.8651312132472676
1.1378362975763854,0.08108078250607124,1.5,1.180839091906472
1.6907330604856936,0.08789459981220052,1.5,1.4031525461274639
0.5449032717376974,0.20012129779036816,1.5,1.0854029507641547
1.6792889854016442,0.28696055786324703,1.5,1.6084931226199957
1.620372648709173,0.11880260247907336,1.5,1.41289472648022
1.9112245873392593,0.09461129006037172,1.5,1.4868021463180312
1.8597131722911031,0.03720684904950587,1.5,1.4062140548692454
0.6081497237030717,0.20702707106050897,1.5,1.1239200664328683
1.2594865682186969,0.16847550395320474,1.5,1.3388627982155727
0.7991760746059073,0.05579273907144595,1.5,0.9877792203089485
1.7734285401195617,0.023510050028178346,1.5,1.3593438887150098
1.9603388630495377,0.07058547363511303,1.5,1.477726535331601
0.9947152675990154,0.2332655761245073,1.5,1.3163518259019753
1.012223124718682,0.21665183744076047,1.5,1.3029670291765207
1.612341316778243,0.1935606311492963,1.5,1.4915693920411695
1.0057850761166351,0.09795194260109857,1.5,1.1470445259461046
0.5633411279507974,0.15533653133053082,1.5,1.0270519079451657
0.6907539491071273,0.18128993683867098,1.5,1.1244405897537382
1.3329561747733352,0.1892491182026514,1.5,1.389874891073442
1.0156548347407655,0.12696525581395607,1.5,1.1905380462062567
1.1380819230812849,0.029173727350384537,1.5,1.1092292007407039
1.8291074865142236,0.16997259385172375,1.5,1.538476973096508
0.5874802141455053,0.08558621383813589,1.5,0.9264342091415516
0.803766900418678,0.2921985198710931,1.5,1.3146487286337398
1.61975143054793,0.24098172595821193,1.5,1.543448305852057
1.6219303071573354,0.0427200101801098,1.5,1.3255561434235212
1.4888492090614165,0.27517551976122273,1.5,1.536073485239528
1.508209560868582,0.0700032176659683,1.5,1.3151821610578551
0.7376482902261273,0.18607697827689257,1.5,1.151697650994113
1.9294248614594331,0.20133355966696342,1.5,1.6020164879280065
1.5686472458099934,0.1112456480876066,1.5,1.3858699178538316
0.5653707238877161,0.03952245369683897,1.5,0.8309165045525758
1.9736381203177724,0.13237296312230915,1.5,1.5467625703212997
1.171010601062517,0.049345379407455196,1.5,1.1520166950152755
1.3883043013538015,0.0318932810652259,1.5,1.2203346409793678
0.9962281876507251,0.06846834391198346,1.5,1.1013020961842102
0.6616156193687917,0.05161051961731138,1.5,0.9082480548261257
0.7819032693688209,0.07372427375665765,1.5,1.0075571841349729
1.342104021307537,0.25426475142624155,1.5,1.4651326173309804
1.5199506953499344,0.05954989681533384,1.5,1.3070463996133426
1.6597538013597646,0.07997383533127439,1.5,1.3830386887981931
1.1430049627530772,0.29523736556050906,1.5,1.4412336520224178
1.6480079672891472,0.2586031473731238,1.5,1.5704281226068328
1.0874918347810114,0.0671429973976241,1.5,1.1401475671966463
0.7549860432836364,0.11249782897874842,1.5,1.0540095850070377
1.1511009116697803,0.1416179537532183,1.5,1.2645904350686323
1.7615264181004657,0.17479419995183454,1.5,1.5213764134446042
0.9109389864412569,0.247642112497079,1.5,1.301727355483492
0.5528849188774477,0.11029701549055,1.5,0.9496691894828515
1.5298577966370537,0.18980127751222906,1.5,1.4595892919809978
1.977412199215408,0.25593517569852237,1.5,1.6694930640988042
1.958529244589536,0.1163885389293174,1.5,1.5253818722030164
1.8852128474392165,0.1377385628578004,1.5,1.5234914732224383
0.5316499184308641,0.07042805006865227,1.5,0.8686130730084651
0.679891508089006,0.04904862796954112,1.5,0.9138295423786004
1.565765763925339,0.07895611261706996,1.5,1.3474375083850039
1.9332056720766986,0.20088607931836006,1.5,1.6027544360942967
0.9766452200851309,0.08282785200063876,1.5,1.1129769631739472
0.8423467993440887,0.20352001734907635,1.5,1.2191377503127572
1.1894158576395637,0.07107344210824715,1.5,1.1892420571776754
1.8815663607585453,0.24190744223459953,1.5,1.6269531730212636
1.8175168402697015,0.20387285663399682,1.5,1.569262024237255
1.236632782751991,0.26352199705132295,1.5,1.4388998754420659
0.9797683263718722,0.21608636342274012,1.5,1.289759313065479
1.3399648253247858,0.2834002000505201,1.5,1.495546980471404
1.23492046590237,0.24744343498653007,1.5,1.420509401381926
1.5983360565078346,0.10104084433220742,1.5,1.3849316239539444
1.1252434521197154,0.11915331945552177,1.5,1.2256639025277085
1.5021970543760268,0.23322357590418896,1.5,1.4967067264532403
0.6081022310612809,0.15839112656365187,1.5,1.0532149139440088
0.6178797445066759,0.29165761827045594,1.5,1.241250449069623
1.505875830384012,0.12873102393423108,1.5,1.3831806952820427
0.6219354665143819,0.09163955007449713,1.5,0.9549286520059865
0.8917516654457107,0.2235908368383789,1.5,1.264597583276848
1.8732362059753496,0.25457969614054343,1.5,1.6366863706266506
1.6181262762899395,0.040459521127987154,1.5,1.3214169402043252
1.63588037831326,0.0622992056367333,1.5,1.3538829191064627
0.7150249207401049,0.06931659456204649,1.5,0.9666162414430973
1.4643527477421026,0.09433139467146553,1.5,1.327713514352696
1.3052135414168775,0.21217478200991938,1.5,1.4058975114211343
0.6494982506977791,0.20819489708149272,1.5,1.1437831600634316
1.5784732543437225,0.07693365897914291,1.5,1.3497763369193494
1.854408664516059,0.2201502194075705,1.5,1.5971780483434916
0.8051243943116271,0.29705058025359177,1.5,1.3209886433634686
1.2638540733251544,0.07640016816544155,1.5,1.2270244416518856
1.923485894386073,0.26422157368373694,1.5,1.6611741231339272
0.7527840743343049,0.06081378408408966,1.5,0.9722153506491604
1.4622296145986364,0.2623181894196957,1.5,1.5140081772597507
1.9065242598531291,0.2579357450285242,1.5,1.6500451745656675
1.1249974467161128,0.26769872112425486,1.5,1.404283778843623
1.9963909935984685,0.11904165138427791,1.5,1.5404694799578262
1.8853551254182488,0.03054885369289958,1.5,1.4078400505050064
1.3027749753181004,0.1627707159386838,1.5,1.3482550551426988
0.6604271487604374,0.2664199135797357,1.5,1.2261306645587655
0.7220264841258901,0.11743885097235642,1.5,1.0457582648636403
1.7746109774584728,0.028260608776333948,1.5,1.365294587228281
1.0266496066788153,0.059210254100548046,1.5,1.1018142090633205
0.6141131667152611,0.26164476741932635,1.5,1.2008220366182383
1.6952277561653886,0.21536296753392656,1.5,1.5416386235522912
0.5562849110323096,0.11508303131172011,1.5,0.9593825174517456
0.6722400987218382,0.10537690551179331,1.5,1.002825614859207
1.3532932637696116,0.03574366480680349,1.5,1.2109452725855898
1.350116359808302,0.11173665316809478,1.5,1.3052425498630424
1.6202292173732922,0.08437769685073115,1.5,1.3737559913663921
1.5565433049408868,0.18670173324182684,1.5,1.4653597707649664
1.0544247360594545,0.045856882597054296,1.5,1.0952254464956959
0.7217696823023776,0.14769865351154704,1.5,1.0904574513380871
1.6606009434495517,0.12282886793733719,1.5,1.431516384260946
1.8947432483451967,0.15659907267843692,1.5,1.5460376779825948
1.8972769198458064,0.021613117395984323,1.5,1.402020746674791
0.5767468489296517,0.2086816446221942,1.5,1.112217881135285
1.57752259266986,0.1959300647044696,1.5,1.4823823943314511
1.0510375481939982,0.05821541591980112,1.5,1.1114111582253186
1.4770766242838698,0.10672633721258194,1.5,1.3471322970000217
1.8930402751111075,0.2326282684670053,1.5,1.6214470869588966
1.2841041648407843,0.17912266054110593,1.5,1.3604629572168172
1.8506649268084918,0.29116752183677286,1.5,1.6649135604799896
1.5825547683729244,0.11596718180478921,1.5,1.3962385826040407
1.556092355864203,0.11043169540148186,1.5,1.3804003557285307
1.4842855512596214,0.19273865891698264,1.5,1.4471083975428851
1.8739956891945382,0.2544327884128372,1.5,1.63677638478261
0.5086640850074922,0.13049664281413498,1.5,0.9599810513294474
1.206425986228184,0.12134129685019006,1.5,1.2610937448473998
1.5137107013929496,0.16042027106145196,1.5,1.4217209519797915
0.7704642812910806,0.27771885116837225,1.5,1.2842056236506707
0.591958684779442,0.021463978319193628,1.5,0.8123250911304017
1.7231134299792952,0.2319282758905056,1.5,1.5674657860425847
1.8616546521884323,0.11373992601519742,1.5,1.4904814278768765
0.8004830202964348,0.030850990716736047,1.5,0.9476800531356073
1.7136486558761947,0.03626443717927502,1.5,1.3521803140257385
1.7728551421120031,0.08706609331381222,1.5,1.4312014893046112
1.2071191235529017,0.28898738936475576,1.5,1.456534683835172
1.3422358441697095,0.2680700025485265,1.5,1.480008813017141
0.6116302539283132,0.14320367645841706,1.5,1.0318602795303846
0.889830250594177,0.022263472357389714,1.5,0.9799353389892521
1.9844210538222893,0.22258830412097197,1.5,1.6397269162363752
0.9662702708137696,0.13250185624313118,1.5,1.1770787676842411
0.7250760913476915,0.1866630738156474,1.5,1.1470351883628127
0.7606324650799434,0.24589582859684206,1.5,1.2404282467154797
0.6017416688425508,0.036073538341786365,1.5,0.8460972749939035
1.5709633884511713,0.03342804821214875,1.5,1.2948867990088644
0.5867809963896924,0.10820637034127072,1.5,0.9639256792137137
1.304549290945934,0.24942022793931948,1.5,1.4469728680629044
1.3609806944525646,0.2442003510080628,1.5,1.4607004715423397
1.454652493765676,0.28964076306149816,1.5,1.5398356959883568
1.6768028570501796,0.07376786110051757,1.5,1.382103100374041
0.8233001914423752,0.27659516308131404,1.5,1.303251539277566
0.9888516853235174,0.2195083276513605,1.5,1.297455106461453
1.525605334125074,0.16217746391156887,1.5,1.4278462683471118
1.392784254018424,0.28487829912144674,1.5,1.5146474828594199
0.9647504045977494,0.21830310654793403,1.5,1.286652663953863
0.6661644501321365,0.17644435400402456,1.5,1.1065466162674737
1.9823189218564035,0.24332756618590506,1.5,1.6589823836441102
0.723590849533142,0.08424025386445441,1.5,0.9950539069699401
0.7993143192393093,0.21521633731032144,1.5,1.216664399705296
1.393048626550413,0.29855157319752085,1.5,1.5289488100066313
1.1059564032098124,0.17260613719497037,1.5,1.2853377023873038
1.4936495738885227,0.09601024079393368,1.5,1.3406833990172993
1.469055567643547,0.05386568200001739,2.0,1.41693767952007
1.8005747125973555,0.2780057009673568,2.0,2.1402410430301826
1.8173326568462582,0.22924336230948417,2.0,2.0272558496502358
1.8457565305380597,0.10293602116187994,2.0,1.6956169208158012
1.1877077433963477,0.2884071676193303,2.0,2.017865064762669
1.9971982524491916,0.2902050708755915,2.0,2.2134247132453155
1.4480317247847014,0.2663117173366186,2.0,2.0275968283046035
1.4966231512608097,0.255579937990248,2.0,2.01306297247833
0.8109301512133491,0.20640912788093796,2.0,1.6955888151384841
0.6377844703586023,0.13166166863066403,2.0,1.3979989830701747
1.2842561700331196,0.13044552904035814,2.0,1.6089473143756763
0.7539845029599905,0.29412384632501776,2.0,1.9222962743058543
1.6430535398146935,0.15174246284325693,2.0,1.7777733737029764
0.7095746237469304,0.15460021431406182,2.0,1.5018577718570918
0.985833431891749,0.09027160097166138,2.0,1.3742450442364211
0.8519726720410284,0.04282864123231255,2.0,1.1314853442993213
1.540584918295525,0.2748314344865189,2.0,2.0709657802968917
1.4259149278984777,0.15582218950696358,2.0,1.727465433219465
1.2038134328923151,0.2069097679370959,2.0,1.8091188773165996
0.9252572519340025,0.013392490976639977,2.0,1.0291657600699715
0.9556298811770279,0.19694383962386242,2.0,1.7102830986172002
1.6842519230498676,0.22023667594391702,2.0,1.9714509079581561
1.399209170417181,0.04701350857813861,2.0,1.3672396484152174
0.9473089670452954,0.14239403607891238,2.0,1.5398861411917504
1.0218058103731054,0.14600997928188073,2.0,1.575406488241023
0.7829670168556311,0.06032590542589934,2.0,1.1773810220632166
0.9399119981960082,0.20831886161025978,2.0,1.7387065923549625
0.9328560156339785,0.21202477293885258,2.0,1.7473132933227813
1.2858602518822306,0.23951289632907213,2.0,1.9185904240282636
1.7055693843206496,0.07239913867690966,2.0,1.558704837706532
1.9308085799789416,0.27766989075175846,2.0,2.1696791208601622
1.6555722934788202,0.1933554015498354,2.0,1.8944989598775646
1.1758280845754152,0.2647439219027184,2.0,1.9553176988925864
0.7133354775206131,0.04378527655439463,2.0,1.0729344076245106
1.6997708365543285,0.0622282490797919,2.0,1.5238285098239392
0.5510655799381596,0.17444315063691987,2.0,1.5150897948000832
0.5314915419101278,0.018281426836146003,2.0,0.8451661435904705
1.0178442927258493,0.23375742469921795,2.0,1.8317801559461302
1.4609333934996924,0.07024021021692728,2.0,1.470828166601716
1.4395404371150582,0.2572657747838771,2.0,2.0030472248436455
1.3896848439150997,0.10828061504412612,2.0,1.572415655720955
0.8618013368539027,0.24312348774941608,2.0,1.8146724812891344
1.5929855024685557,0.07373589669777814,2.0,1.526546582796063
0.8005920434416998,0.21336254145611297,2.0,1.7129557665050286
1.2955565840697534,0.0232786446512605,2.0,1.236261716054638
1.7714628770899006,0.10595952778899637,2.0,1.6825748586555858
0.973607384959534,0.125599267383801,2.0,1.493184536083047
1.1064548800389833,0.2589954046608275,2.0,1.9226047244941584
1.1309695587939737,0.18994304309910925,2.0,1.7408044088251462
1.8076687469740202,0.021045594247063544,2.0,1.4206071552138035
0.715385725874836,0.15956227182031887,2.0,1.5202001329029098
0.6710597679414289,0.13625524485589563,2.0,1.4260477609464506
0.9898208584625715,0.044093749993786846,2.0,1.196143117858578
1.453716681977777,0.09079728158074983,2.0,1.5367789358867707
1.896616144990114,0.11329505876841375,2.0,1.7405650613160806
0.9846929434732593,0.1149856958204578,2.0,1.4610098910266955
1.2231638311940887,0.06842397038669676,2.0,1.3810878085990972
1.1796511214437657,0.2113741109049656,2.0,1.8147705724122323
1.25638083262272,0.02750249388229499,2.0,1.2374998066447
0.8262730971738719,0.04823037503363404,2.0,1.143930438230495
0.70723191931309,0.27637195563453104,2.0,1.8630489729629762
1.0125849222050312,0.09920463761903656,2.0,1.4158500268020608
0.7252691317529694,0.2100642752707077,2.0,1.6810448787763062
1.0508339088704974,0.24986762689344771,2.0,1.8840143783434813
1.1969298288863601,0.21567175981525832,2.0,1.8312966518396039
0.9549315650464076,0.08469486693844125,2.0,1.3423413256064272
0.5323563080142847,0.19255603213035166,2.0,1.567774419142563
0.7421570785047815,0.17579045657387657,2.0,1.581158323585449
1.0950395304052805,0.28244563351899105,2.0,1.9797716700658161
0.7622867944130322,0.017693401686024665,2.0,0.9691340522720677
1.0394949263423747,0.13111604114278572,2.0,1.5331847043882978
0.6933041910945967,0.2831836439508523,2.0,1.8775357867702869
1.395071740485928,0.1437978842572552,2.0,1.6831668316178523
1.4479346403780131,0.2965372484547688,2.0,2.100787263129159
1.9821827041847162,0.2149757356251936,2.0,2.03271740791401
1.121546243294819,0.09955414194352609,2.0,1.4550215334248768
1.5629142200906199,0.29670537963703236,2.0,2.128372151777255
0.52387894635523,0.1714456582580623,2.0,1.4961067906188559
1.65729132745134,0.014323176789559511,2.0,1.3418357184644232
0.9075997786100217,0.27327170611793683,2.0,1.9079614356137784
1.7954307979831268,0.11639776980713633,2.0,1.7202931424773191
0.5707085678131232,0.20875971232924515,2.0,1.6304311365726474
0.5549292275235822,0.1798701109056176,2.0,1.5341545999604336
1.2352299756391507,0.21830036791170332,2.0,1.8488465741527023
0.5983878378914955,0.23491402402965075,2.0,1.716836648661719
1.872194342210968,0.29987044621419445,2.0,2.2070112832409605
1.6422461691420778,0.21967029049415118,2.0,1.9593236266843692
0.5886439802518011,0.29603032091295206,2.0,1.883864960495131
1.3741569258948438,0.018381222498829508,2.0,1.2481863446149133
1.8602423105269021,0.24273901814863197,2.0,2.0706599170344755
1.9400832157652683,0.28130921253467256,2.0,2.180177823277724
1.9527821276728785,0.1213018913681115,2.0,1.7792698056657943
1.3406679038320493,0.15076372084606038,2.0,1.6876922445436116
0.6325053628827577,0.020992558426825094,2.0,0.9178403712797824
1.1000967825621157,0.07530610092956608,2.0,1.3613073833112699
0.5097565512701261,0.08170828904135424,2.0,1.1518851686186729
1.1464160709580473,0.23854072183109168,2.0,1.8793145796457187
1.7419308229381432,0.23852512551530858,2.0,2.031546720627224
1.7260589189365894,0.030716991435452833,2.0,1.4259133330224238
0.5211334264677381,0.2758941777325316,2.0,1.81109778968256
1.4562979318251454,0.29461081856955934,2.0,2.0981911537132976
0.6247349962916638,0.2828993518137624,2.0,1.8584209734151431
1.7941317901199996,0.19378074124546016,2.0,1.9318227668641348
1.967793008712784,0.268646414463664,2.0,2.157372743257276
0.7267307141200914,0.17407666149352952,2.0,1.570826957069233
1.7737856463384665,0.23193468388330746,2.0,2.0231491505006596
1.6285576851757209,0.0380299448537679,2.0,1.4173415727034184
0.6488000181972318,0.29665461481291294,2.0,1.9014063653849382
1.4636928897636023,0.08614790784989461,2.0,1.5248514577697556
0.7194510550263311,0.2558424058507034,2.0,1.8104902964482756
0.8804137737985748,0.040893658403232024,2.0,1.1354956441267816
1.9001692426507495,0.21498289040292218,2.0,2.0124607192886947
1.8336004141723747,0.01830030306729976,2.0,1.4200716337021075
1.8100117240980238,0.1474362559434455,2.0,1.8122842722742145
1.7121871010165477,0.029634315101471825,2.0,1.4172262529431445
1.2007725772468787,0.13890860925312457,2.0,1.6093037841806388
1.7652686794789678,0.06731831947875842,2.0,1.5615543135820003
1.1598785364252002,0.04695022842230526,2.0,1.2764720210988774
1.5861837555375184,0.11836334671171402,2.0,1.664276786671814
1.924420456667197,0.24504610538828453,2.0,2.091621741747308
1.1145576155362127,0.1888128582266246,2.0,1.7328260725769504
1.5110407789667826,0.24835787489551528,2.0,1.9986544293403838
1.7323030962694232,0.21203889536597254,2.0,1.9628275650013551
1.0019409824043104,0.04775566800882969,2.0,1.2163460290939447
1.690538002832117,0.2872986894970285,2.0,2.136240833286922
1.6744825165136186,0.19963678180420463,2.0,1.915946328725224
1.6525856860571984,0.24254703014066442,2.0,2.019419715528162
1.0080357733344245,0.1777579046542728,2.0,1.6690161233125198
1.019671409153332,0.056534132579905874,2.0,1.2589728888869651
1.6174479687771706,0.2519660970885546,2.0,2.033988431545941
1.6107617634161926,0.11544251864428771,2.0,1.6628851282812862
0.8780936302493344,0.21623455327819915,2.0,1.7436855115046768
1.3653105469773688,0.1340566058102371,2.0,1.6449548945426253
0.9858530723206097,0.12991052217267626,2.0,1.5116078506171409
1.3882623865879185,0.15871634698448975,2.0,1.7249422762610973
1.516746242430505,0.017054945221817525,2.0,1.298959466129979
1.3636564378864287,0.24424252539275673,2.0,1.9509181663550104
0.8450326875363896,0.0675621591504481,2.0,1.2331481172352616
0.8234925046762702,0.2137817825204826,2.0,1.7208458181606787
0.9882382351082587,0.2519098999386495,2.0,1.8727886251509414
0.9222430506553217,0.2141826463267466,2.0,1.7504483751092998
1.1324200558189936,0.21550603792858816,2.0,1.8131410411506534
1.4283757578404384,0.2887982407965198,2.0,2.077584695218377
1.7954295545196937,0.2500379215486448,2.0,2.0726332936644005
1.3661346455253354,0.11548036693883108,2.0,1.587746300551082
0.6113939001066446,0.149664939535664,2.0,1.4519102229350425
1.788058483183025,0.01132074355207329,2.0,1.3788639957239286
1.0236812724894682,0.02527386176242511,2.0,1.1297875420244814
1.9282156674753166,0.16602520276858168,2.0,1.8943251292112275
1.4302956689628392,0.22312604454910673,2.0,1.91351930077904
0.5703845871352701,0.18927888792672304,2.0,1.56945005221654
0.6151258687025751,0.15920649544479865,2.0,1.485661745873051
1.4378795524839885,0.24726135412056613,2.0,1.9774966734964814
0.7910956846033244,0.10918888924223427,2.0,1.3722188517236116
1.7623294411788497,0.07375647302417725,2.0,1.5811053637947794
1.3560906982664338,0.03608498525629528,2.0,1.3103207816521063
0.8568936293962466,0.23742062240507236,2.0,1.797526036931585
1.3108781179212772,0.28388258602190974,2.0,2.037082221742749
1.0897933119076262,0.0633473610207807,2.0,1.3127326163828767
0.9789470922607258,0.20491912646495197,2.0,1.7401546933851155
1.8971760225880432,0.0746170407573278,2.0,1.6258371474908921
0.8188731113999226,0.08664659663570959,2.0,1.2982060998766793
0.9984858076761047,0.0980286073388962,2.0,1.4066882671953538
0.7737624755781564,0.15344532919782328,2.0,1.5192813325899812
1.9510505008640548,0.037608636845301344,2.0,1.525495614322463
1.1811778273131193,0.2558591591706528,2.0,1.933848344369239
1.2150957256497454,0.1057826779893869,2.0,1.507621472898159
1.5413290641219632,0.24608339961280365,2.0,2.000540691975547
1.9330497093863928,0.28017764748283597,2.0,2.1759655751446876
1.2565789810546393,0.18361854422211546,2.0,1.7586257200654702
1.4788016690558492,0.233600782770586,2.0,1.9531537309596776
1.9786526435058118,0.05350936672810299,2.0,1.5854798361337938
1.6113558200472289,0.12849543396879726,2.0,1.7018549173578814
1.9499387379565936,0.03438868081864521,2.0,1.5145380636164432
0.7514215844108759,0.07176326551845905,2.0,1.2120454775277478
1.19906010520347,0.236544352022509,2.0,1.8879893075514385
0.5232546855495706,0.08930645026304918,2.0,1.1900920923105331
1.694057726934807,0.17794441619641063,2.0,1.863733320220174
1.2586804814603074,0.2985486584712401,2.0,2.0601376328227947
0.509581151649326,0.28381338831361025,2.0,1.8296762103676782
1.932000000296463,0.10507544024245585,2.0,1.7270652572271326
1.1709183618540127,0.2771222149442317,2.0,1.9854824379219096
1.4575392328644572,0.23788937948335206,2.0,1.9586814513079909
1.9721655812943009,0.12030420683783381,2.0,1.7819112350711073
1.3436498008617797,0.2509497319886169,2.0,1.9629434838394988
1.8337270785743052,0.11458757184958805,2.0,1.726152599589673
1.8885640441190097,0.1921519670913734,2.0,1.9519435737317674
1.1372306587408978,0.03900281859399987,2.0,1.2358231445805248
1.317696358060669,0.20212666259846013,2.0,1.8272829512818398
0.9790813063733381,0.026327499227903513,2.0,1.1146103797526619
0.733752168765053,0.1778472132800518,2.0,1.5849997796736663
1.6712045534579458,0.2823709456727898,2.0,2.120121225351476
1.8547028980841218,0.018690699903147985,2.0,1.4288491512807087
1.757337589925644,0.22151613100372436,2.0,1.9931128668399307
1.9420332712574744,0.17798323395597623,2.0,1.9292137286514517
1.4392338953248773,0.1444830508376372,2.0,1.698253339081437
1.4837269492721172,0.1878133706098908,2.0,1.8335377430996682
1.6939056419082434,0.25465927680369044,2.0,2.0592470492743575
1.300785505714234,0.20071671831861643,2.0,1.8187778008597968
0.5285678507911669,0.13919006436871967,2.0,1.3858096891270328
1.8725756214168476,0.0684998189722724,2.0,1.5992416362575017
1.4221232333634126,0.1312021754133373,2.0,1.6535250187090564
1.2953640593794196,0.10870134324826428,2.0,1.5434952192546831
1.4659477917280967,0.08899274016471272,2.0,1.5348860522446688
0.6357363456107907,0.05177729843921989,2.0,1.0740155166490797
0.9691703670794812,0.2781649583326203,2.0,1.9367033718165731
0.7604056806296042,0.17850826779585638,2.0,1.5954586671512891
1.1848161618782793,0.08653139410552503,2.0,1.4318275395219668
1.6100798649047714,0.10113052464979069,2.0,1.6190692114306535
0.5558073203460956,0.16133207729097174,2.0,1.4727960120993717
1.4617526616705319,0.11145133323950569,2.0,1.6050750742770847
0.6302551916847396,0.23709146887022758,2.0,1.7323884900295936
1.9230978743897051,0.23223772393475647,2.0,2.060455074428285
0.970335541478195,0.1216064341499782,2.0,1.4786479915713466
1.3580609901425522,0.08430976843737799,2.0,1.4836302351045332
0.7497967983785115,0.261480630039786,2.0,1.834285446373157
0.881059596072906,0.21523573897736265,2.0,1.7416707455333031
1.2590632978943128,0.19433054858858473,2.0,1.7895163547115627
1.5267576282763178,0.05991699505116364,2.0,1.4580560958989042
0.5752751785736627,0.01644980890515057,2.0,0.860100731092102
1.4824867029763809,0.19474490075114922,2.0,1.8520085611270465
0.5666300545856335,0.25940381484000813,2.0,1.7778268203021672
1.931078161059545,0.20740515920069963,2.0,2.001282027368092
1.1121088170199975,0.10523430918942696,2.0,1.4712076362343511
0.6780063385640284,0.12384985016596839,2.0,1.3843788644094912
1.0812009001086085,0.07716096477111863,2.0,1.361179836693078
1.9365565704902536,0.011557677704362179,2.0,1.4325269098812334
1.3690260519399906,0.23165909213721292,2.0,1.9197960759706016
1.4545885841683246,0.07605768919756158,2.0,1.4883431983732582
1.0433836591929972,0.22702716364697084,2.0,1.8203448287790711
0.5893330770607021,0.24537718243948878,2.0,1.7444497417396667
0.8447221684632491,0.0173104670298328,2.0,1.0088740450430753
0.8984250900705102,0.1283986787977538,2.0,1.4772988452063611
0.6137064905413339,0.27389316212115333,2.0,1.8310210571571446
1.3877316930279382,0.13750795945754937,2.0,1.6621706553791136
1.1113033501618896,0.08215273626461464,2.0,1.3902628214866555
1.1575784914710932,0.03914424377876494,2.0,1.244596693414675
1.2252217043480869,0.2947303869420807,2.0,2.0426760814600278
0.7481896863000776,0.196969784247078,2.0,1.6486016889384947
1.7268428676823167,0.2996572644745408,2.0,2.173342014600492
1.7295452147773291,0.24401903465586505,2.0,2.0419930365542336
0.9275708725635579,0.13265428167285861,2.0,1.5013706035793242
1.0703646142289736,0.24946294888595427,2.0,1.888119197267089
1.1454691077191264,0.21202731641792338,2.0,1.8071364840261401
1.5387678494515666,0.22710762267230694,2.0,1.951882188087856
1.8391079417449983,0.2692896948719698,2.0,2.1288506031341647
1.1954511565785135,0.26926685946221096,2.0,1.9718315727263886
1.2837648789036828,0.08132199520346593,2.0,1.4480969687622243
1.4232139608108794,0.10268148608005084,2.0,1.5652567909488169
0.9983484986837936,0.05785176663415965,2.0,1.2557333176377021
