alpha,beta,omega,split
1.4554425309821815,0.013772225278716733,1.2102630255706808,train
0.9046800706458055,0.25005124675103213,1.0287029946564343,test
0.5614602859042921,0.1539105599989677,0.8098890389437391,train
0.5247914532927936,0.13641623901306082,0.7798991715737326,test
1.7199053588004087,0.18452046753457085,1.3536311197610627,train
1.8691333659165825,0.2565081792339211,1.4241077535633526,train
1.4099536636507697,0.09446561019907242,1.2119553207526126,train
1.5942448414759975,0.08757992199753105,1.2846590260844983,test
1.3154374871981342,0.0243533202365269,1.15403473052039,train
1.9026086356816523,0.08725573718265434,1.3997969292261718,train
1.7237803311822981,0.02920143597938124,1.3203844883188411,train
0.5041077502552221,0.022051961280427322,0.7200811493129387,test
1.786106414881354,0.17029186304100646,1.3745722001840175,train
0.5503783629581965,0.06331211734703082,0.7675329046838933,train
1.5944831696449162,0.031534739398972195,1.271081234889842,train
0.7634834309038385,0.27584727500986866,0.9655187621486485,train
1.7947683835248298,0.05313282881648076,1.3528210849715732,test
1.3121918303736375,0.03750092930995067,1.1563617081823245,train
0.9495678358060772,0.29149663691488875,1.0628522646995415,train
1.1340308317964878,0.20342041953147447,1.1231127412322806,train
0.5424795067181944,0.22046867208425103,0.8225750717903675,train
0.686424914749346,0.1733291587878567,0.8901218554855791,test
1.5059366220404455,0.03041301709485198,1.2354521692051044,test
1.4707842673613751,0.25414439971963787,1.2766988059830566,train
1.4230776672218808,0.13122841121952475,1.2258462778444497,train
1.075516331392825,0.12381566906909039,1.0729673444865344,train
1.9958149036838164,0.049239680761272886,1.4243366962546748,train
1.9712530081643451,0.042833766891071344,1.414199191329108,train
1.528312976721042,0.16145132054398653,1.2753810972170012,train
1.4756889144017244,0.17493564097504266,1.2581401726087997,test
1.5326700958564101,0.160418807396363,1.276825972092068,test
1.0833821359686557,0.18780615660672215,1.0959053416058198,train
0.7026447575336168,0.2645166042953576,0.9293628326069489,train
1.5822325102911226,0.15621940503392062,1.2950280994348284,train
1.2880314837135889,0.11995282682296186,1.166538550711986,train
0.9653628133384335,0.08440608374832403,1.0082711628514498,train
1.2287530382476837,0.09898552631192817,1.1353761427574547,train
1.8342317515235003,0.17263404547411992,1.392473385550812,train
1.9010652739343745,0.24065797893824556,1.431533886592331,train
1.0366927950636053,0.13792509868029149,1.0592275531346353,train
1.3572947460946414,0.021821074919498175,1.1713132109606053,test
0.9828040866139132,0.06456480608540335,1.0115240363781812,train
1.3914500452995453,0.03628914769323804,1.1898240969057903,train
1.0068668382607,0.10666959006863569,1.0352830371396218,train
1.087428500792242,0.20846923084057337,1.1034065021826422,train
1.8354115280071885,0.18130727225241222,1.3948164646517205,train
0.8407363903000695,0.2020170010878898,0.9818501302454,train
1.4347807170290636,0.14183258796693315,1.2332526750179256,train
0.6260230153735773,0.04183635571582103,0.8075342986859043,train
1.7489662214800967,0.09591422696140943,1.3455187742579922,train
1.680647461233025,0.15817853888722058,1.332901559401201,train
0.8590541644894283,0.15417783987106956,0.9775356709654969,test
1.8147263462160557,0.0806618024860524,1.3665189880525872,train
0.5878520522077915,0.249337451868389,0.8601708446286996,train
1.0041755908184906,0.13566086743624162,1.0431406633181441,train
0.7254192003422586,0.25518227629659723,0.9392666504888154,train
1.1755090499739305,0.08699286279613833,1.1085757900886175,train
1.6944864054309414,0.2831624799032077,1.3681298976789393,test
0.8459633134906211,0.042438630456355285,0.9345570858397645,train
0.5780319515966144,0.23306292224927913,0.8484154471390037,train
1.1068277597322922,0.015854071372818607,1.0571204899303022,train
0.797769566763883,0.07853299242703819,0.9194866658663678,train
0.6361295684286828,0.26246045824995606,0.8921503992981187,train
1.370498578980276,0.11153044994527327,1.199343726041266,train
0.9480441992283839,0.28041905298704795,1.058768652997873,train
1.507992316934539,0.2795309301806284,1.2972218378391014,train
0.79927316595232,0.24205584729911653,0.9740305803322366,test
1.9131696657597468,0.12487058027519654,1.4111492152680376,train
1.047665252367243,0.25889786599643344,1.0980567516315307,train
0.6582429193553443,0.14256025770935762,0.8635716210001259,train
1.4436622273095638,0.04658993657483207,1.214320949530059,train
1.8907318296018012,0.25706792698656167,1.4317537505432498,train
1.160565732073676,0.2467115442823498,1.1456005309613195,train
1.9318857405361058,0.04931397773116826,1.4017241784191732,test
1.2498437205314705,0.26129268992375276,1.187895335202012,train
1.1378429372736134,0.16049928540008787,1.1124278606948284,train
1.4303201780230668,0.22564131996853104,1.253532089279646,test
1.9926447578529862,0.08777104603190122,1.4317712047517133,train
1.923415512406648,0.07248383030827839,1.403991251509175,test
1.1900677089636442,0.25601071632322664,1.1607581876427309,train
1.636593267962437,0.1840620014369932,1.322506629528959,train
1.2461340432314285,0.05283458502650893,1.1316924863650821,train
1.2939682402951556,0.11610232501299493,1.1680864147815913,train
1.6786785510707112,0.259120387284224,1.3566356425224053,train
1.1219837740335061,0.1458022386971025,1.1008921207116575,train
1.601725357683094,0.10768733972759408,1.2918238108702418,train
1.5667143169846247,0.10887662081636895,1.27834431442855,train
1.8980895299200673,0.24914681864785063,1.4324677996065438,test
0.6723989499213578,0.14174671798653907,0.8716365250785718,train
1.593522675614464,0.2850225157930706,1.3311547154182326,train
1.8911358929368398,0.10053804376145627,1.398486722427262,train
1.9518892848869696,0.2293792954590347,1.4465142800315813,train
0.5220594574480539,0.092854592880299,0.7617095699850208,train
1.7954601353683637,0.23267325257298718,1.3924872308880687,train
1.9717925600995163,0.015103413178418415,1.4078320549089645,train
1.9358152694164454,0.047648084652859246,1.4027376398960876,test
0.7231460183487468,0.08518450289356339,0.880532417166581,train
1.9589432207344324,0.2623266697431164,1.4564348351348118,train
1.834903333580781,0.10352452914051191,1.378775504274147,train
1.7335607413146057,0.1502224069482367,1.3508486269360036,train
1.2199818857117481,0.04104291081297423,1.1167683062665836,train
0.8485593794589558,0.17433670294570391,0.9779908509540097,train
1.702820868077462,0.03783841484358119,1.3145986990564185,train
1.8852952396752043,0.051064677968705806,1.3854099233514605,train
0.8991954084384388,0.24228199460541205,1.0235837677352497,test
1.3084016114332804,0.08073398301035728,1.165922014207494,train
1.1641292434617974,0.027763576216529147,1.0875220206450464,train
1.8965259739717326,0.18452921526823024,1.4172315534764834,train
0.560766066782652,0.05248504524599717,0.7698127707735458,test
1.598009293484841,0.02531684988570186,1.2708435111020882,train
1.4215598704234949,0.25086017179335646,1.2564466025497725,test
0.5425480476702815,0.1251830180767065,0.7867703134761804,train
1.5788296592401105,0.26098777206080387,1.3199247086208117,train
0.523987594285358,0.2257691257353379,0.8135053355383655,test
1.636926503534642,0.06827956869708517,1.296795545597667,train
1.269138084893117,0.03459527580693794,1.1367554267058344,test
1.8936563311955092,0.05969360319802229,1.3904305502870045,train
0.5991237450861121,0.1534282476954812,0.8324138515285006,train
1.761975919418575,0.1137469604760536,1.3539974184334311,train
0.6000350131506521,0.2512747925190284,0.8678391972151032,train
1.0164649682061877,0.14607984448553699,1.0522744811625147,train
1.1454480979217498,0.17087741312870858,1.118898752111933,train
1.9490931211761053,0.1223611508926465,1.423430729105921,train
1.3433477633426856,0.2289210981258485,1.2193100348974866,train
0.8882968897563983,0.20979253947299045,1.0081427495028947,train
0.8625135711415175,0.20887397688181478,0.9949853433660056,test
1.8321774809887699,0.2337623726366925,1.4057879426123139,train
0.8388041426259866,0.12559577732796062,0.9576477879645215,train
0.6868320587529253,0.04453489395953103,0.8454238265928119,train
0.9324961355113663,0.2472006988029939,1.0410987281617254,test
1.3791845972190993,0.11020152081271128,1.202657141869638,train
1.3311357532599017,0.2106111586563728,1.2094548582282805,test
1.7145661638691667,0.29665511371862446,1.3785379921151422,train
1.3407139280092788,0.21351090327898767,1.2141693263798548,train
0.9326318216468157,0.27293886202806417,1.0492198691402885,test
1.1193445140213392,0.013872935104001534,1.0624007067489754,test
1.7271814564563657,0.18507806625749182,1.3564387716638615,train
1.4397596936296302,0.038223580734573395,1.2104840618668598,train
1.9386164640461634,0.2630263429390877,1.4496440163577722,train
1.0541066166375213,0.28847184837907275,1.1095636089239893,test
1.3289172657819308,0.01990453748534805,1.158583662836339,train
1.3908863024197524,0.04864579160698334,1.1929211787744651,train
1.77243681241259,0.2515007001933247,1.3887607750676536,train
0.7182103072797976,0.20919706382698885,0.9203889634764129,test
1.10976550512219,0.2946807552099427,1.13589241946516,train
1.8649384424934454,0.2293876665072061,1.416304098936139,train
0.5646003328523063,0.18231512161212451,0.8229917302222691,test
1.7340594202722528,0.166380543574902,1.3546353170512635,train
1.123076056056837,0.012861534315179498,1.0638367893158354,train
1.744705977917154,0.2373062642227254,1.3753762980606863,train
0.5149318412109379,0.12136051805822938,0.7674708076895391,train
1.0475692366374059,0.040929427859379766,1.0365792128252878,train
0.6179450557484598,0.1685820911626948,0.8493387562616866,train
1.4789218645049576,0.11728919463240746,1.2451839606391488,train
0.9107736478993358,0.18569880693622143,1.0128409871301214,test
1.5539781059896796,0.014834916749449712,1.250595461254881,train
1.9157021404131362,0.057843072356784875,1.3979160342579984,test
0.6902256533918716,0.16655096964738492,0.889873419661098,train
1.797167443101161,0.18687315070495283,1.3823339785939728,train
0.5891962274005077,0.03384210618911933,0.7815142524012624,train
1.0711557624663341,0.1945495838790331,1.0922043582280654,train
1.144661091767865,0.25395413302646197,1.1402453880601455,train
1.2332743202501963,0.09316725151446006,1.1359434864286468,train
1.9646934829040668,0.16118592580566113,1.4362503793632253,train
1.6635367821527425,0.27277458972771285,1.3543453175380666,train
0.9632860440788915,0.21385830872127237,1.0460524248278906,train
0.9047551782512002,0.06994947510795536,0.9734083867887505,train
1.7946803062839767,0.29028287574956607,1.4058010613067566,train
1.8219607591065348,0.10920176274909028,1.3752027187484295,train
1.266059758315468,0.24901870784038954,1.192087311678577,train
1.016443596443488,0.14123006795981302,1.0507321964963372,train
1.9923760222413767,0.23903259303901345,1.462537733322705,test
0.9739153180515503,0.2770675754979172,1.0697595204131038,test
0.7740685683898436,0.27178976683436734,0.9701139237654087,train
1.8201471819561046,0.2433347135897375,1.4037949616879508,train
1.7185030971668809,0.10366197596103006,1.3357234013994108,train
1.5018341083570268,0.2746626026945019,1.2937091217730612,test
1.9376204476669279,0.05446853448670333,1.4049628287342972,train
1.8885718658216282,0.0854565432205768,1.3943737448624174,train
1.622372754952631,0.1974424349807565,1.3204634957539259,train
1.7910521143215166,0.22697252487016525,1.3895532756227875,test
0.8707201104831612,0.024597522126707037,0.9418655319372207,train
0.7118698353515474,0.0879706098864351,0.8751881035112737,train
1.5050927739724038,0.11701963196133433,1.2556294959491456,train
1.571927804982129,0.2557014920646667,1.3160242368019797,test
0.7505793931734083,0.010556033683053334,0.8704531445702283,train
1.093335909657314,0.2680987182411942,1.1211559256884278,train
1.865383649324082,0.10707186195580536,1.3905496601976892,train
1.3421011513253345,0.1888063305854244,1.2080180215828644,test
1.367503872389409,0.28137062829622095,1.2416194668459084,train
0.7911946593361904,0.02786357802024391,0.8997879254731757,train
1.2890333729268129,0.1681235017960798,1.1801767141213086,test
1.28515209109238,0.0744430726944213,1.1543601229693072,train
0.633403460369408,0.21365177094379015,0.8747984189897569,test
1.9729140396900593,0.24716731561046185,1.4577475749016033,train
1.3570934006836617,0.08141233873695268,1.1868839858564966,train
0.5096133239964653,0.25936942566813886,0.817180462279068,train
1.6589738018380829,0.061449906454120906,1.3036530311721652,train
1.9673985707602186,0.1492209580571278,1.4348533488260509,train
1.3848050424814258,0.04807195724764795,1.1902143798930642,train
0.9795224544239975,0.09917984509294833,1.0197034458157213,train
0.7812615735916774,0.1184967975019692,0.9247574143553725,train
1.508789950875304,0.21162740536177047,1.2806777534916176,train
0.7926610976852075,0.10188653456833978,0.924925237872685,train
1.3665318387767889,0.16360004429303088,1.2111487219024986,train
1.4033587645694388,0.19888286180695156,1.2356715549973607,train
1.9436346396865716,0.23786324347228707,1.4456030376130513,train
0.6083978982948152,0.09512614447263794,0.8172066424011789,train
1.2499592354879279,0.026341337327528754,1.1258869603223256,train
1.6161462189239724,0.07874510229352016,1.2911931335019566,train
0.7658401107119882,0.1683246233701196,0.9322009689753445,train
1.0821000976767787,0.2645264047516402,1.1151529063784742,test
0.594343247682457,0.200688011986067,0.8474677012022668,train
1.5888212956636651,0.18611085503590008,1.3049156010682053,train
0.6316518301392302,0.0192140032698336,0.8027618457378385,train
1.0926375625369513,0.15443067756684434,1.0901999084619998,test
1.8102839466810983,0.10596152143841961,1.3702766491729552,train
1.2084505051250172,0.11075076372842524,1.1294460563706172,test
1.8689329004613284,0.2882225331955257,1.4313895942734582,train
1.6488756766083086,0.057405547441265324,1.2987884698070258,train
1.8729859401676487,0.035626638149966916,1.3772832014744292,train
0.6911045135733596,0.09847585659613455,0.8673468135163628,train
0.610344357995948,0.1963825192633297,0.8554298260893296,train
0.605489380353827,0.08818648958712381,0.8126270143613759,train
1.803281441520979,0.21468804952178916,1.3910123366598912,train
1.4511049690211648,0.21157664217096817,1.2580802939548306,train
1.2448575406982796,0.13707628205806838,1.1525983907132586,train
0.7453151242947205,0.252062794914015,0.9491378083843302,train
1.5106001565909106,0.10389722721463641,1.255018758679161,test
0.9770260817686971,0.19072620013546643,1.0468250060232795,train
1.5663197948989174,0.16660666199928367,1.2914237057491176,train
1.1905329933009872,0.030791295574649387,1.100498666191102,train
1.2612047908167907,0.11069547303076037,1.1525659655931557,train
1.6844985986898056,0.1733101802203888,1.3378648692360542,test
0.6391182132850711,0.29305665897391914,0.9047651554460474,train
1.3681377549852538,0.23725897759300393,1.2315588625872065,train
0.7958524209438028,0.14946302887210944,0.9429982846703197,train
1.7122051277203523,0.06697643704528355,1.3252417625940363,train
1.2332690541938898,0.08828911633159016,1.134780116421457,train
1.9830430000517296,0.022302966356431527,1.4135357865853162,train
0.7744149870135781,0.1786584355123303,0.9399664074803016,test
1.9445287101864008,0.1330267657916099,1.4237801496364857,train
1.7013755549129135,0.20097739671239478,1.350753628599926,train
1.2218907448629028,0.16412413460396166,1.1504047239452024,test
1.7203010962694532,0.13086740007468653,1.3418047870353063,train
1.4042733578616744,0.11208753273757341,1.2135189539377096,train
1.4826815959870703,0.021780451491062405,1.2236606937377008,train
1.8705361440610835,0.29506045046786616,1.4335075398462915,train
0.5979056246169371,0.031807213661045906,0.78635296817854,train
1.752482305937601,0.017385166049890252,1.328236626398691,test
1.0727221699493583,0.07243784622175625,1.0572666853928838,train
0.9883184241510566,0.04949401153355861,1.0101078568863064,train
1.9910401568149765,0.2403855227654457,1.462387647185078,train
1.6717857531145672,0.053972602693589805,1.3067505145026284,train
1.2283027081693816,0.10858551942171313,1.1376356918546826,train
1.1339425946371717,0.013842030485219026,1.069239592732654,train
1.8162933588076942,0.28015503543485054,1.4110994000417985,train
0.6302223083223413,0.10310171442370682,0.8335129195014906,test
1.5626281353707991,0.2544347396841451,1.3121860591834815,test
1.683731935557719,0.2889611039903666,1.365544247261779,train
1.6987945695741722,0.22096108603721445,1.3546833201202617,train
0.9834300871097477,0.08561513773357557,1.0175549125161447,train
1.694958774119082,0.1527221876736019,1.3370245643329772,train
0.8379926628134977,0.2369690623144881,0.9918332666096955,train
1.0434619257268536,0.2126073855447638,1.084077046087213,train
1.1261721683065697,0.24999579248693268,1.1310345393852448,test
1.3121149754452468,0.16792653038932215,1.1898018110563635,train
0.6689204983108358,0.20067575549342856,0.8903806376292768,test
1.1104217009589592,0.11532690497523725,1.0865424781814081,train
0.5004510351603844,0.06550782330165847,0.7354593825694453,train
1.6165710895210985,0.21219967707443682,1.3219784613556267,train
1.7778138683513856,0.010835878905602685,1.336089052527057,test
0.7083975186802963,0.23732547297682455,0.9246306467670191,train
1.5556786539001968,0.012097633915440158,1.2505387851388807,train
1.7316546325919582,0.18887226698316775,1.3589767566351192,train
1.9727424843076906,0.18243801669159526,1.4434107521490345,test
1.76568584355309,0.04059860203164059,1.3389798642705293,test
1.1361597281660192,0.18173866462199695,1.1179479017451792,train
1.9695330627644847,0.22977564834927086,1.4526597076970391,train
1.9609766072785328,0.16543766788284012,1.4358083465976323,test
1.2555154688008685,0.2051005596785641,1.1763770274405452,test
1.6301698078758577,0.21551479668459508,1.3279100319864616,train
1.8707565015097443,0.06971386589178695,1.384460931115455,test
1.2142206079531297,0.27871878685986,1.1766455545864065,train
1.7956793616456275,0.10498702022195448,1.3647136933381785,train
1.5523528490928091,0.17927356726697857,1.289202791560059,train
0.9408863839618364,0.039923037611288306,0.9833743021424382,train
1.6514784049752103,0.2989574549413476,1.3559476975687323,test
1.3560271787892486,0.1997009214772906,1.2167075949563624,test
0.6407677301499594,0.1439178337057734,0.853699480529725,train
1.0870706394569962,0.17417472642443244,1.093615649022086,train
0.6106115200967088,0.017884613464875906,0.7889971170397387,train
1.2142504448254934,0.07962309735844009,1.124303843466371,train
1.1428094122143857,0.2926598264092996,1.1496561670174785,train
1.135606164455671,0.03349914080844495,1.0760576818909509,train
1.3794505303861766,0.051093259273251215,1.1887623590580376,train
0.6840359902641102,0.17619240573863879,0.8898145853499718,train
1.900653364935264,0.23445191634892487,1.4299563647019975,train
1.5260756721125495,0.2573332164824242,1.2989303615707506,train
1.7356720375891574,0.25975620202424327,1.3775253228003168,train
1.8452018483956398,0.23046442535741327,1.4096112873327151,train
1.374980070385214,0.11082074336654911,1.2010481348250062,test
0.560327331356901,0.17865853463244247,0.8190157637355457,test
1.567230236176637,0.2458057043477892,1.3117986992457566,train
1.3535387813950372,0.05026529403919656,1.1775796357934647,train
1.7389358332555989,0.03361196621485317,1.327215628727329,train
1.298240710211516,0.14298970679505432,1.1770620286408087,train
1.7198661430462887,0.09999869756428124,1.3354782366417859,test
1.9955154396087376,0.011083071707650853,1.4152750641965606,train
1.0258322170518321,0.15989042012988075,1.0609933909234233,train
0.7565321600310111,0.11816355516240501,0.9112352523167311,train
1.0875121991808543,0.2661090178591761,1.1180101038969554,train
1.6295749847985146,0.10691104745268258,1.3024777763977207,train
1.1588433977874597,0.20217460843862317,1.1337839729943788,train
1.3825701641438222,0.174742730324214,1.2207306329003578,train
0.6910377078825065,0.09690331694006625,0.8667059767915974,test
1.5891852664009705,0.1456074963635399,1.2951959398038515,train
0.9201236027997493,0.11662138862779331,0.9959712085196267,test
0.7859263406060273,0.07889995449262796,0.913160107231558,train
1.794424997874792,0.03555553599369746,1.3484388171049224,test
1.3466192316808911,0.025115184485726277,1.1676849450902596,train
1.2267484135193756,0.0745839054705192,1.128687412784685,train
1.8482356478727269,0.03416259268330064,1.3679122330335127,test
0.6290186540915039,0.053683061112505585,0.8134109399634437,train
1.5442316755113392,0.046226766792536386,1.2549828787197754,train
0.9919734346469038,0.11825667526808292,1.031740380511866,train
0.7631146249776216,0.07907041679258887,0.9006709432257599,train
1.5121979749509182,0.011278571233508495,1.2328074700170137,train
1.0442329262944041,0.01954451413860757,1.0282799438739854,train
0.9948437487409038,0.29711554845298116,1.0854411254722895,train
1.9155166478437817,0.08109190022808561,1.4030742358032426,train
0.7989475110192292,0.021840004403930274,0.9019498715867651,train
1.2682604867566025,0.19154283904435282,1.1780112623237284,train
0.5360198010070238,0.16997590374324825,0.8006920685071619,train
0.7450521367054342,0.12276694057287664,0.9065842679309069,train
1.825128100450343,0.22266623176590455,1.4006762565589135,train
1.6838713223790145,0.2817250414510064,1.3639164781630149,train
1.3352532350809854,0.12494302319450154,1.187881779424213,train
0.8336800939870403,0.11884448980546629,0.9526405291096991,train
1.3366213739319597,0.15911317088826757,1.1975722606321018,train
0.5182197891704188,0.07799806892014569,0.7528953966266988,train
1.569490446406881,0.06045243414373156,1.2685786512176602,test
1.5751260208455922,0.12271749467345838,1.2845650264662742,train
1.4690675353495322,0.20633551795237037,1.263780452519618,train
1.4170080264128018,0.014283301426640537,1.1944223544004922,train
0.6105746489368062,0.050134621826081846,0.800682547164515,test
0.8696089535764633,0.24435135519746917,1.0098641869213614,train
1.3615670721468978,0.10632213457553213,1.1943692714216674,train
1.0912801490433464,0.17215521512550117,1.0949313316823077,train
1.9880348428721675,0.026093168786837873,1.4161978367642754,train
1.885618036062772,0.1697243179097204,1.410181738828226,train
0.7280118537838056,0.01804404707407243,0.8602757390879906,test
1.384940888974296,0.07010494650131531,1.1959187682258208,test
1.5443226591551849,0.13989007157629493,1.2764039832294336,train
0.7048151214513292,0.16190556743572385,0.8965058503286576,train
0.9688934706517569,0.04633943295395236,0.9994857913866663,train
1.5738767703882415,0.143120642388925,1.2886887923918078,train
1.851662140134255,0.23634021544432468,1.4132647841759096,train
1.012613975309203,0.21467835050436612,1.0699483067287021,train
0.8584155675369209,0.11703309681600305,0.9648326250926308,train
1.7326880040953219,0.1538819575750242,1.351328011033147,train
1.3774740203385174,0.2417108098512249,1.2364675282353603,train
1.2148826325586557,0.08632105814717074,1.1261357601218356,train
0.8842250321418386,0.050663938731376285,0.9573524786678059,train
0.6089875229724815,0.2910120944817704,0.8873114250620268,test
0.526837131345463,0.2631721310391071,0.8292859442182172,train
1.3699552708461422,0.26351447576409326,1.2386825162268311,train
0.7866654101901123,0.14837995583253402,0.9377403555098935,train
1.9632994676402307,0.020252105574653567,1.4060448148059832,train
0.661215842579221,0.2254594173992102,0.8945698260935442,train
1.1781331824906627,0.23914577896003752,1.1517038714812238,train
1.0919896956064399,0.2898879286974654,1.1267375811168026,train
0.8484672129282964,0.020376362215025777,0.9284922582025976,train
1.6231335875059025,0.24571538090613385,1.3328116969958141,train
1.4655571431204655,0.10767145529469523,1.2376375033574707,train
1.5886365275778047,0.20331101699086937,1.3091834812907595,train
0.6242128638447421,0.2711624858562893,0.8887112349653711,train
1.0291151235446077,0.08296925035719954,1.0390752479156118,test
1.2797496115013476,0.2980941836786551,1.2090325249781022,train
1.1400817155953615,0.020976120509733347,1.0743243979545274,train
0.5609263428091178,0.043267519861521074,0.7664115373725815,train
0.7910411823511898,0.14939654492453208,0.9404042037671286,train
1.9175369724569398,0.21849573679751846,1.4321696694731356,train
0.7438545871299773,0.2786832403673727,0.9558302963075316,train
1.778078498694163,0.25570871978952253,1.3917822339058754,train
1.7332057385966602,0.29144886906137973,1.3840904168765962,train
1.086940635617162,0.13799400543315926,1.0825669552388253,train
1.2001752797663952,0.12783146368358295,1.1304970219829036,train
1.7360027114748788,0.1809405267653923,1.3587069485923144,train
1.5210294883553188,0.21066520333330765,1.285168975998045,train
1.7554156046436065,0.2718355350005995,1.3875024773643936,test
1.6363948787481857,0.18168679347287203,1.3218505117871004,train
1.536907219160907,0.27273070537880484,1.3067852167977243,test
1.8694611590103172,0.13054672609569146,1.3965224435030674,test
1.7342106996418831,0.23369394616388098,1.3707032726279005,train
0.7685940313744899,0.2994395624525733,0.9750316940590531,train
1.6223364126218673,0.0328432143711731,1.2823305366150737,train
0.6300219846718143,0.2151007707137035,0.8733029899678137,train
1.1387843604410324,0.27191635907594386,1.1422522867738676,train
1.0951278307301378,0.2694023622605741,1.122313793666276,train
0.803252140963227,0.26309999124685945,0.9827859308422229,train
1.906857662953984,0.090836675437672,1.4020833770723953,train
0.6421650175417505,0.1278272624008783,0.8494880318930289,train
0.5073491224828635,0.15734804189087284,0.7775540307130535,train
0.9843812054959675,0.29120511564876855,1.0788797942521364,train
1.986117077361833,0.08701314550305234,1.4293239869006993,train
0.8970426925826598,0.20154386924404485,1.010111331016983,train
1.7460413982765965,0.23033595102223747,1.374173203312044,train
0.7596704555306981,0.05253958725377434,0.8900808301754318,train
1.3795675321975667,0.2623997009911244,1.2423336917542824,test
1.937614002769088,0.1565164166205138,1.4258276009787105,train
1.5747698518487105,0.2873258041817425,1.3245972533696848,train
1.9707619627677295,0.26801043561595467,1.4617550433316986,train
1.3618349736335595,0.2847573018408139,1.2399845195271364,test
1.975002059830132,0.06301720406825798,1.4201521341977337,test
1.7555705475800059,0.25204822942204347,1.3828435526125256,train
1.6673723391528923,0.26021761095368784,1.3527474991455757,train
1.8327348303672504,0.2847107108706421,1.4179385658587427,train
1.447237275892425,0.19836864198536505,1.253055747958648,train
1.034546819564857,0.11687429821902749,1.051644843078545,train
1.2924236600854895,0.18019870512754171,1.1849959534721048,train
0.8397505935235454,0.05578580776022315,0.9351860503162157,train
1.666316185822558,0.29889399091812796,1.3614106428673356,train
0.7551177524222997,0.2194437969048283,0.9435667795473061,train
1.3657969234798861,0.10847144578073352,1.196649949516276,train
1.3038483943686714,0.2764736677079666,1.214111018539688,test
1.5078542052165358,0.21659335368418617,1.28160213986742,train
1.640729897997875,0.10660611774837936,1.3067197726408595,test
0.6647418290958633,0.27952150658291,0.9138396431220678,test
1.4374114425019753,0.10405914330070457,1.2253567512108885,train
1.120933823697789,0.10278869680058302,1.0877962150446252,test
1.4213021535019306,0.018620161807871384,1.1974341273161926,test
1.540976814719743,0.21326334693132276,1.2935262986475051,train
1.378219378640933,0.04132045731555322,1.1856241794914972,train
1.5993291152880729,0.024114951525240277,1.2710473347518225,test
1.2800378858069719,0.20025964932190954,1.1853906023245577,train
1.1943017136939076,0.29082300999829236,1.171242751307679,train
0.9301532981728028,0.028611124241300967,0.9742530143354776,train
0.8437275049950599,0.2303555624712335,0.9925050544368824,train
1.5429531591377277,0.07631154269352612,1.2618818164747019,train
1.5435670292186865,0.25975758415367667,1.3062254304689327,train
0.7932237694648945,0.013521842858923612,0.8957204823887536,test
1.9577561249166682,0.06630328281943906,1.414803228054833,train
1.506726170434094,0.29279212860353904,1.2996944327427287,train
1.2968241848147395,0.17686323770177,1.185904774554625,test
1.7617630273174514,0.048198544379205774,1.33936853588882,train
1.2297806499547324,0.01136861357640127,1.1124087632355326,train
1.2139173051504901,0.12861934218250595,1.1367610198937939,train
0.8874116001163053,0.13598366801875683,0.9860431306392267,train
0.7342032220860385,0.16451298496979871,0.9137035102602886,train
1.5674308683213762,0.20743139458730314,1.3021600966086997,train
1.7661664523585638,0.05465279006871405,1.3425657363384322,train
1.5166981671439386,0.1023251868194959,1.2571408039290113,train
1.0532322750439254,0.025365859240597394,1.0345045441931502,train
1.3635831368285782,0.2989861209739241,1.2437296671494698,train
1.345118710510985,0.1329165902973183,1.1940832744098835,train
1.9048491252114408,0.20676068220567498,1.4250917912796786,train
1.081511317933534,0.09272633207464338,1.066697726916577,train
0.7471739780990052,0.05124318432711774,0.8826024925519546,test
1.8153993399935162,0.06612502067950447,1.3634718675468889,train
1.8420927453303026,0.014405199587742931,1.3608156873149078,train
0.572398392502843,0.2096007943281441,0.8368822177302772,train
0.7973360462592236,0.2970099670829647,0.9891125166807788,train
1.4544254803991898,0.036564271758161425,1.2160843664602277,train
1.683267733452257,0.05791959723751765,1.312098502863263,train
1.4100387601108255,0.24249207950549273,1.2497660015644405,test
0.7873837941898374,0.1945527993388913,0.9519257365306295,test
0.6764623628932986,0.2848619452486084,0.922004731604815,train
1.2589589510977754,0.11576649900780453,1.1529091000235356,train
1.723265609988517,0.13413808519147763,1.343588980590574,train
0.8256007716081892,0.09305673231351591,0.9393882435122858,train
0.6126990423091754,0.24327286601984274,0.872146001145416,train
1.326567493689957,0.06437973131294723,1.1697457029963867,train
0.787725722202882,0.1201422572136222,0.9288108325026795,train
0.6011355807264044,0.20122543086407985,0.8517010511773702,train
1.6598968970619024,0.2748814000461393,1.3535038684375131,train
1.7318399091168837,0.24572058871315325,1.372759419938442,train
1.097503326647353,0.03463915860314145,1.0585391801339095,train
0.9411145402524266,0.2605830533994015,1.0493573076901654,train
0.9156813341554366,0.2394844430548642,1.030646340025067,train
1.0414571387425262,0.14651296656643142,1.0641470210274602,train
1.3653614646743932,0.17059521174208722,1.2125714958585105,train
1.2917301171687159,0.13853183892217563,1.1730829484563627,train
1.0330237717590445,0.026084075211559365,1.0249165415402917,test
1.4561314688572722,0.10288175781783793,1.2327642401380738,train
1.51365116292119,0.2747945123027174,1.2983173115741173,train
1.3374184219625516,0.18360510353802018,1.2046557032948184,train
1.080942372577811,0.03847274873114922,1.0518408019462049,test
1.4358541729087015,0.16991786280938898,1.2409647959817207,train
1.3878541748211657,0.18934503001854242,1.226839105846774,train
1.0104857860709995,0.24525920266451814,1.0771155519555773,test
0.9548015189963679,0.1786598710725058,1.0326968218996706,train
1.31862331852893,0.06838970097096189,1.1673452431721363,test
1.4185126085027762,0.2912792471537347,1.2644432213454384,train
1.4161976583827132,0.09591681787375976,1.2148548876457366,train
1.0742570133467824,0.22035554065416682,1.100309674097084,train
1.3486608608243829,0.20944037958544376,1.2163321442173827,test
1.9786544527946286,0.27775025699249484,1.4666453111795006,train
1.1420367785659276,0.23185778435828827,1.1339324666819168,train
1.7645220718849859,0.12243443863105723,1.3566095585601998,test
0.6219855369604355,0.023925052791192076,0.7985854242979025,train
1.8128423805529579,0.20033796398261272,1.3910739889350292,test
1.9125592332948296,0.01344674860846367,1.3862325886693851,train
0.8927960237809058,0.025196844212906223,0.9537223939282287,test
0.5181521235082891,0.016716759534213626,0.7274916310793416,test
1.224512620150699,0.1762078399444328,1.1550191058363812,train
0.7740683864934169,0.23835832832338702,0.959865637834013,train
1.9574468814279018,0.030373097158043337,1.4063735609214065,train
1.8465476526763225,0.10259598246543568,1.3828189507386597,train
1.9409973288954074,0.11996205643839218,1.4201125403709975,train
1.405804486611129,0.2708351009366966,1.2548816998200123,test
1.272740550353963,0.19743746294630166,1.1815417337083154,train
1.7490767740703463,0.12737778943789646,1.3518379383523855,train
1.4785234485335317,0.2773825400395975,1.2852467577227262,train
0.8728365145508676,0.20926805034387985,1.0002776049777482,train
1.9014290573867934,0.20495147597003624,1.4234878424134922,train
1.159549174948297,0.21650705032147943,1.137928341562076,train
1.6603343424639485,0.1671300874587858,1.3273588356200188,train
1.2514069354827302,0.14557457438757976,1.1578091522881724,train
0.7750343646576914,0.292022570749654,0.976136981956361,train
0.9438902705141199,0.17582983437588187,1.0265524124342678,train
1.3616161532042257,0.12779731194300775,1.1996496117948539,train
0.7145031263964208,0.03713704885448887,0.8593194591833501,train
0.5206067879247178,0.06575521057218281,0.7490655883688986,train
1.150836836524897,0.2951539796088581,1.153808355358067,train
1.6432957577888294,0.28889432735242737,1.350637011294751,train
1.421235910614332,0.010863079701290987,1.1952285175406394,test
0.986219563711064,0.032560594881584436,1.0038952448456415,train
1.57586140894324,0.206878234744172,1.3052324919486478,train
1.22677194966481,0.07322481872207016,1.1283677293233851,train
1.9992520283855404,0.20245937539080477,1.456807938460688,train
1.6640474786671708,0.07084837943618301,1.3078316595977142,train
1.7459471619076385,0.1250843689406249,1.3502190591356749,test
0.8893233592081672,0.10450699653445973,0.9763926579728515,train
0.7284424442732209,0.08148025823537794,0.8821544632194414,train
0.7989558636605001,0.2347831827913629,0.9714440085047233,test
1.1483974465193991,0.09810600989194904,1.0990933027685066,test
1.2682236794313506,0.27524999417440416,1.1988107503873309,train
0.7919140215983518,0.06472903449413597,0.9117709495452092,train
1.6699171564828723,0.26953147156244833,1.3559202246023243,train
1.8026467316258445,0.05451168034005882,1.3560592245556389,train
0.9740074786403612,0.09582391270700857,1.0159685230623163,test
1.262096295134435,0.29527385306586057,1.2009840049184008,train
1.3915619037691382,0.02372220271295284,1.1863859094180185,train
1.5835672608966855,0.25310540217422284,1.3197872956653394,train
0.7212086816980345,0.05746818450204351,0.8696316117259063,train
0.9213065921047346,0.16053776656925847,1.0108672599164,test
1.5960589937876042,0.2878779941778985,1.3327637939924222,train
1.35228847143894,0.04448966974739257,1.1754943303741183,train
1.8499186901584226,0.11930201842200763,1.3873526894491501,train
1.171787542983115,0.15737218967011635,1.1265653600009478,train
1.1099192675507719,0.19914742895244864,1.1111232032303753,train
0.9597608262960533,0.10750904956636612,1.0126275102170752,test
0.8470588589821183,0.0821365625692281,0.9470569788138969,train
1.4761495021450974,0.2732678895582143,1.2833691284883197,train
0.8970290027340433,0.01233975129536681,0.9514940288047073,train
1.793413280964571,0.29455471888151563,1.4063310133096938,train
0.9059725934781624,0.05329815202016114,0.9694533280987736,train
1.5100394468377216,0.07699874838192597,1.2488951922682245,train
1.352276212852598,0.2221730582093521,1.221199971542501,train
1.4426881968183625,0.22838774660650732,1.2591458659838421,train
1.8431251634477572,0.1587755419831555,1.3926839145097372,test
0.7549826772041192,0.01624877343903345,0.8751422798208437,train
0.7247233188131932,0.0745714941130367,0.8775350734281612,test
0.6828533320029594,0.07031604016056409,0.8518283105261493,train
0.6146585313773254,0.2687720142854643,0.8825306516652343,train
1.301346535405611,0.1430620687644588,1.1783953740352624,train
0.7485967279284083,0.23255848495557394,0.9446292760196202,train
1.7107518951402347,0.2728083320621632,1.3716153444905987,test
0.5339157958203202,0.12401379784807287,0.7807962176181173,train
1.0619104576022864,0.2779264800984529,1.1099513474323244,test
1.2098059570828532,0.20732018506320857,1.1574332446942197,test
0.8247924510152367,0.18540938108525723,0.9686077871296851,train
1.0338593292759357,0.14069757395605534,1.0587686600356816,train
0.8341871532926782,0.13821233423751583,0.9595358773669502,test
0.9227421595020886,0.10395611816610822,0.9931003723850699,train
1.8903065910928873,0.09088201923821275,1.3961632096558447,train
1.125763049464739,0.1506918501835561,1.1040692583949447,train
1.0787974118910801,0.12822154289431328,1.0758280404717702,train
1.4167616786512613,0.08607198105834368,1.2129395120673325,train
1.4962127851227582,0.031380557346333035,1.231769229404846,train
1.490414817391527,0.2922480941188643,1.2932111913693407,test
0.6271384508360208,0.1760921222868398,0.8575471119815355,train
1.372853868552034,0.107430434861551,1.1993623722422322,train
1.6038853998469635,0.2536892662374986,1.3275749491289195,train
1.6933525492151742,0.15124382869717534,1.3360920902620876,train
1.382801377909029,0.25239553894434813,1.2412615933332143,train
0.6958595873518368,0.05778231716036373,0.8549920720328488,train
0.6256104858451685,0.05222322861962762,0.8107849017954917,train
0.9845805396587268,0.07822585289376537,1.0160224720446411,train
1.891338214198944,0.2594659621146374,1.432521033339707,train
1.2089262932502236,0.23173983786617497,1.1634108475165106,test
1.843210860721472,0.10513184555534737,1.3821251538353285,test
1.1895124299155373,0.2807252727760186,1.16656155572247,test
1.6326771598401906,0.25950271986113793,1.3397437234871803,train
1.2276907635344605,0.12254335348410979,1.1411082947670264,train
1.5630533921485756,0.18395859738866513,1.2945096436227737,train
0.9757689150007693,0.29560151316888056,1.0762419611403644,train
1.8347978954550557,0.2148266615338098,1.4022710950797013,test
0.8985621031048747,0.06734476557345197,0.9694670000192616,train
0.5092652431764173,0.18360274915927352,0.7884281121347182,train
1.581748679175263,0.2684628119565619,1.3228287256718783,train
1.5149066948668692,0.16437493120266483,1.2708676818203504,train
1.4853521748885157,0.1455388943936902,1.2544781571485855,train
1.5311225034699898,0.22616425725859668,1.2930496041905921,train
1.3793963165277248,0.14167282610526674,1.2105935621364665,train
0.6729184296177717,0.19361163371491802,0.890016111169371,train
1.503805583570077,0.01203777593378062,1.2296069234744813,test
0.5098977856710571,0.23121518457221524,0.8071178806148904,test
0.774264318432051,0.2886985000570928,0.9747775608697922,train
1.1313176077930223,0.25511433061166094,1.1346049202338682,train
1.067554070612982,0.24684630299336854,1.1037711061240647,train
0.6784477436217764,0.14734042316384044,0.8768495651093158,test
1.140436406059831,0.22325425981619884,1.1311401831876151,test
1.4354258654350136,0.15185613999917488,1.2360723816399621,train
1.066195147298651,0.04292730991389659,1.0461308859300404,train
1.5627492249300636,0.01972523379525834,1.2554055843672074,test
0.8463831430674156,0.11097683330570737,0.9565131411445532,test
0.7157379084063852,0.2526228327411228,0.9332146454363386,train
1.6233497667327297,0.14634785152636173,1.308494184315171,train
1.5030921946430822,0.04219686883218839,1.2374227209999322,train
1.1440560399421438,0.019731036830722196,1.0757883495919596,train
0.7051509272265696,0.1630789490375487,0.8970772216739044,train
1.4955256089934656,0.08203865260130812,1.2442218916228618,train
1.6249336248893214,0.19522828355692862,1.3208760798240855,test
0.7459139798117389,0.09576132892038296,0.8971940649931034,train
1.5339526053952763,0.13864218760943098,1.2720383775281425,train
1.033455629572679,0.051003232839365704,1.0327020906597477,train
1.8726779223345247,0.1276882478120814,1.3971498340602913,train
1.627309531412587,0.17490233096970892,1.3167656280789395,train
0.9105967553500944,0.16383666622987025,1.006557969659537,train
1.907039479456706,0.039630177544901654,1.390545865485703,train
0.5378491341569518,0.25941175299107433,0.8347377118540251,test
0.7772360217175973,0.21702479499985874,0.9542519951457282,train
0.8628544567207025,0.053161079751754305,0.9467975808861082,train
1.5981201250548265,0.041973268829538786,1.2752027983898073,train
1.2892520457524324,0.0602756198119432,1.1525828437522165,train
1.1965631118410993,0.12897052595759387,1.129226296878091,test
0.8338000081582753,0.08100116927436624,0.9396651634293958,train
1.634700665539417,0.07630880979557701,1.2978164710978584,test
0.6756596120773893,0.19201796420627504,0.8909509091868398,train
0.8710118306072838,0.04462864786302156,0.9485804454612972,train
1.7095404793624642,0.0717729447960225,1.3253540774495098,train
1.176571196699138,0.27519032510210534,1.1595591962541334,train
1.8152266048994135,0.04413243037235092,1.358212542046515,train
1.402496156348384,0.07460428482591211,1.2043468820551693,train
1.684316970437573,0.2734636302137569,1.3621352728108238,train
0.7811049093936816,0.23650837438409336,0.9628814506074986,train
0.9743328015147001,0.13999788560624424,1.0302267626904174,train
1.065059077701024,0.29116873698007595,1.1152248995181653,train
1.241298808823052,0.10480918942784415,1.142370211650968,train
1.2087005367162957,0.18217437937107764,1.1499108638639073,train
1.7336992363737078,0.06897652730860386,1.3338041437547483,train
0.7597857978680639,0.14317640503667056,0.9215378804892983,train
1.777228871944478,0.08113804905418529,1.35280652375896,train
1.8335694412151144,0.21902093042391127,1.4028155897857744,test
0.6132785533416465,0.06341867602132527,0.8073716521437694,train
0.5140855544317735,0.2669402585898159,0.8223845418826741,train
0.9391294592293027,0.2701124961770789,1.0513986025142465,test
1.1011171516423466,0.2328825148707906,1.1155961878047818,train
1.9556741101227606,0.26692012858852254,1.4563684082989485,train
0.6071128955802242,0.09769128121341725,0.8174448614481886,train
1.671957897842452,0.02501906651656307,1.2995382778182782,train
1.2131374303815932,0.2734111158402931,1.17488025074583,train
0.694810287159702,0.17729245863732945,0.896197441030156,train
1.0491204630059878,0.02274417478415727,1.0316800587689494,train
1.071352110621366,0.2350221211907442,1.1024585913599174,train
0.8653587504532188,0.10323936414377702,0.963674362736926,train
0.9415456362858197,0.286082144715259,1.0574581978253033,test
1.1298782468038624,0.29553834322839917,1.1448718925805228,train
1.9433920923721315,0.18476588026606092,1.4337064861782938,train
1.1882908534723744,0.27327304740700925,1.1641409593557515,train
1.9252025181684762,0.11354251505957388,1.4132684168083969,train
0.5457981073753333,0.08964951194905488,0.7758268846297592,train
0.5991653878598293,0.2217498867716168,0.8569663263936849,train
0.5417238592959039,0.1720678654654939,0.8050506412274216,test
1.4989169573935315,0.01716219289091524,1.229019773407926,train
0.8303490366706927,0.11113140460313208,0.94820103660965,test
1.3646302719395726,0.012504500657937338,1.17178057867628,train
1.6930492034081368,0.09962481412421423,1.3252742246242144,train
0.9977208779877556,0.1456299775356124,1.0432404635741872,train
0.8685162390636302,0.11496598124763276,0.969311663691524,test
1.5881128807108622,0.16200159870892658,1.2986872881798621,test
1.2138466899493556,0.01854787721985708,1.1073979471801059,train
0.7238152190739509,0.2851853882848435,0.9472232600845706,train
0.631167676204533,0.0712219344289403,0.8213897240414288,train
1.605751251709131,0.03439580464757015,1.276247654529775,train
1.7906185023183872,0.18575686309702868,1.379713079630139,test
1.8355431174252694,0.20460365150130286,1.4001620073053678,train
1.2651335112270554,0.10305469282161099,1.152343048189533,test
0.7301818495469707,0.2754820834280354,0.947578582232819,train
0.838486118417717,0.05481311920930079,0.9342333548208769,train
1.1802858335314026,0.05988092893617699,1.104062887461796,train
1.7777860604084204,0.25465384522213574,1.3914262523757126,train
1.4752961282529031,0.1402487613921213,1.2491612129792582,train
0.9113104354299864,0.17233705819891537,1.0094303025860392,test
1.633907962335769,0.23265896378272177,1.3335888323396239,train
1.1531602629809152,0.14790013632455323,1.1155015822977088,train
1.974145917791248,0.26823262831881595,1.4629553735584497,train
1.143090706227208,0.07493160434462856,1.090856165409079,test
1.7557945233553194,0.15196809937020103,1.3594444621542252,test
0.5218124470415291,0.059272741526580124,0.7470210439464011,train
1.5773318976397523,0.07899941004608413,1.2760905385367978,train
1.097717664177368,0.18788273530183952,1.1024467623918057,train
1.2485139619847523,0.1845795472436972,1.167679752606202,test
0.7982387005483682,0.120579287596027,0.9345775659191927,train
1.8942672705904835,0.012654103287758912,1.3794253622614225,test
0.7994675200717811,0.140013556488208,0.9418897237090342,train
1.3423800561127153,0.08821919837574137,1.18217860791994,train
1.3960184353652045,0.29863112854051255,1.2568363818566501,train
1.7876651409492674,0.17775354021435516,1.3768178617445612,train
1.1999998095284148,0.26684691355685347,1.167629982295162,train
1.7448369217414232,0.21046317271423037,1.3689414589410998,train
1.285844846340357,0.03651311432818671,1.1446273789288024,train
1.9345019891339283,0.15230176295493042,1.4238955242021503,train
1.574911750598403,0.2854148798852589,1.3242149028551689,train
1.8681578914760228,0.1640955994763717,1.4027754480047265,train
1.9135407984629818,0.05100177884166788,1.3955565687205533,train
1.703369234477088,0.23111900930393425,1.358847221823066,train
0.6835513198932601,0.23562214414837368,0.9103326972984437,test
0.6866428973515241,0.2230156836940833,0.9080251691285195,train
1.4243626254455768,0.20160800568300616,1.244817154193162,train
0.9068100241429489,0.25675725405190297,1.031859576508371,train
1.0777284863394088,0.13479243753487988,1.0773454700607064,train
0.7607422649354411,0.1086948423357946,0.9101045275139601,train
1.6432574945905816,0.26972736333271097,1.3461313457895527,train
1.7817465554683207,0.034869266812330026,1.343559537391459,train
0.6992069405964323,0.2910424414479986,0.9362107800331272,train
1.275252405146052,0.06173779248994103,1.1468589239346898,train
1.0925193949963805,0.10695150920501013,1.0758499876491499,train
1.6850229769712,0.24253953577787513,1.3549256933035843,test
1.197488450263216,0.04622570539386682,1.1081153097122813,train
1.5962135737222591,0.11813817399901758,1.2918101724658864,train
1.3491558148691103,0.1981577802211335,1.2134761317280796,train
1.9673721710293215,0.1058704844453827,1.4266546739073451,train
1.1294496139219206,0.25504382160602,1.1337561092268427,train
1.9815063044901091,0.09537688740861919,1.4294690699398804,test
1.1231578749397024,0.18105016358530335,1.1119383252468718,train
0.7740029770862131,0.11226148479827278,0.9186064013278858,train
1.673121590656115,0.041802009800038786,1.3042474759931546,train
0.9075785035297382,0.09074399328079721,0.9811740441892798,train
1.348632096252584,0.24668682652108895,1.2259594394110813,train
1.46902261983699,0.10191344634112617,1.2378108674470727,train
0.7995158872295147,0.1101393129410764,0.9315495533165069,test
0.5516104035170368,0.2676836276297262,0.845920542714286,train
1.9805500153399362,0.27556923429965113,1.466793189001251,train
1.7260852146168595,0.17647129953124582,1.3540182782717243,train
0.6855578824392156,0.04201600509805594,0.8438664567765777,train
1.7719541451847376,0.08517107265413064,1.3517451904315472,train
0.8871953026274134,0.23953655824602557,1.0168873295628187,test
0.8709271105824891,0.11997667971253936,0.9722619905532847,test
1.6589245255747436,0.2791812410189257,1.3541585546487123,test
1.6360430185356831,0.11996286046695209,1.307595485792298,train
1.7689360158980612,0.29623959079274736,1.3980071484941765,test
0.7049780118299882,0.20011231784059583,0.9099901438909278,train
1.6213792628376285,0.09083889975497417,1.2959331670570655,train
1.2047358114098092,0.1686864789143844,1.1442977501907914,train
0.9888251121910783,0.24209681610687153,1.0661161608069591,test
1.6014543163233612,0.0819745739094688,1.286214087321778,train
1.7677146214373023,0.09561764962302104,1.3524311659150843,test
0.9836911363447589,0.13076038756502084,1.0317589805185992,train
0.732217334990693,0.11523176265294452,0.896787547662052,train
1.987527077500832,0.28244761855212935,1.4707099719196923,train
1.8787849838568473,0.19767812156378387,1.4138952715529303,train
0.934761724724056,0.18105680098564833,1.0235412795937842,train
1.7216214619994976,0.28455587215319533,1.3783125636965883,train
0.6345398333245797,0.12656882343728895,0.8445134982682008,train
1.8688188611804821,0.2089977728807753,1.4129533263684615,train
1.6619783528975058,0.058879513856189225,1.3041855266662161,train
0.7952946721407899,0.2518243877816785,0.9751838807460316,train
0.9435308704965488,0.10516236662550309,1.0038586062079524,train
1.393332282261499,0.14865052580375898,1.2181405859767211,train
1.0336364963470894,0.01796255413671953,1.0226001906938074,test
1.6043507239211818,0.05259419765131182,1.2803232048235154,train
1.3885443040159904,0.24616686549603317,1.242051994786404,train
0.8105429788519845,0.2059760427111375,0.9676836625694888,test
1.4151642648259635,0.011428739609584019,1.1928455423510242,train
0.5210886277233677,0.23090834219072368,0.8138003186863029,train
0.6676217229545663,0.19177541678523083,0.8863910173569232,train
0.7418117256599774,0.2849160708798496,0.9566231898610954,train
1.0305165680291208,0.279829278060044,1.0964256950488804,test
0.5178646075115267,0.13231732472161528,0.7737832420852602,train
1.8948612854955176,0.042230786646281535,1.3867772877070283,test
0.859263433208392,0.13166099441405296,0.9702755979836029,train
0.9059578256675852,0.12507687388100075,0.9917145852012116,train
1.0634634885578813,0.15500641675224455,1.0769956723719416,train
1.9111080735926629,0.08228919539426909,1.4017609941326004,train
1.027728993722057,0.10460703144706032,1.0446584936399732,test
1.146699284306896,0.028567766393936725,1.0797197701095729,train
0.9477609087536725,0.22819853130182147,1.0426090044168044,train
1.9643675525776905,0.09101079857482249,1.4225294742815933,train
1.0472858373008755,0.20743874399126275,1.0845810368491469,train
0.6253061314844477,0.0902512074058283,0.8254881481306251,train
1.486973591358615,0.2539949630701156,1.2829843873214133,train
1.5749073810732144,0.07909128744256895,1.2751586095807674,train
1.0583615362925283,0.04497499666790347,1.042978909803964,test
0.8170777331748311,0.23649190860308347,0.9811957454510856,train
1.1138771767753672,0.07614617313862244,1.077578910965867,train
1.1586023157685457,0.06062386975111423,1.094365415973647,train
1.9929497050817915,0.17557700619259037,1.4489768707252548,train
1.7876529883312808,0.028115452870311232,1.3440874793513475,test
1.431363347629927,0.1719689598041574,1.239706714537191,test
0.790876921802382,0.015326056052643866,0.8950786350531102,train
1.531871782083551,0.13423418823243782,1.2701845754886765,train
1.6384985034230952,0.13043381078129665,1.3107468031126768,train
0.6130831080415216,0.034777694812560635,0.7970449744019618,train
1.0692297750532356,0.033800290531968986,1.044831736779743,test
0.9902716963187133,0.180242859978836,1.050268819278715,train
1.3556469839172,0.01119475017634929,1.1675636108986764,train
1.4795798275524321,0.2221991176256748,1.2720467255312453,train
0.7720816825825421,0.11688157818365186,0.919228546942633,train
1.2044891541705716,0.0862194541518589,1.1214589756748226,train
1.9882518298038419,0.28580245901699997,1.4717117566423052,train
0.5237789588410612,0.016487705630375646,0.7312513260219748,train
1.0564904177435555,0.19181966787918434,1.084683329181077,train
1.0014686957844572,0.015181242198214057,1.0058265319156927,train
1.1083745300338241,0.12078075209232333,1.087205526541,test
1.8037905732870223,0.10064213491962891,1.366803038252955,train
1.1574575574492107,0.033299178513126526,1.0861100142004387,train
1.8246170022439965,0.23712503916272581,1.4039073764413836,train
1.363309764545358,0.175839177424222,1.2131630334551262,train
1.1369265424019501,0.03242754032534669,1.0763497533773985,train
0.8784546314866186,0.293379173293625,1.0293896400660039,train
1.7354207829824457,0.0421149708874132,1.3280012538795931,test
1.4663007770049123,0.15270274527510355,1.2486792377799913,train
0.8183391048232389,0.018847783272146666,0.9115687123379315,train
0.6951057401826253,0.12768793635926648,0.8803309375207125,test
0.6881469929797295,0.15255697878239977,0.8840618274981267,train
1.8636079442739577,0.2583291600174563,1.422604323466201,train
1.1050873063940874,0.2064882408610813,1.1109236622334568,train
1.7304616915414337,0.11216049145525951,1.3419223141907899,test
1.8430431391396653,0.06344731983765682,1.3729660042513452,train
0.8394995716914263,0.023113488565398924,0.9246145467420753,train
0.5488585247219164,0.10526862706651857,0.7839260445369356,train
0.7705041298185242,0.028219594823597025,0.8883299592481984,train
1.6594680584916592,0.061012677129271164,1.3037374600138847,test
0.523119764181743,0.19871673266297707,0.8025318123075399,train
1.3461980900267903,0.06844965041349774,1.1791486030800706,train
0.7869001483820701,0.11843632969069111,0.9277634368567194,train
1.6499910235703514,0.012055494538701639,1.2876848679405726,train
1.2190635446441824,0.27467593581556643,1.1777292490412914,train
1.3236199086151508,0.25384856478628026,1.217377297699689,train
0.9401123853504252,0.03743975381332092,0.9822005960711772,train
1.1848677555472058,0.20852490022729736,1.1469342727981948,train
0.5685689044186975,0.1526181373759026,0.8136996983324787,test
1.7142794706048803,0.24834864021894287,1.3670253639754155,test
1.861248385064201,0.061835345996254905,1.3792144097673245,test
1.6289712795775495,0.06223024759630926,1.2922695280040064,train
1.2434334086717773,0.2866607852660573,1.1910190858445675,train
1.7656765241660402,0.07039641272372081,1.3460826738797913,train
0.5057313136987354,0.13614793481893772,0.7675875729967508,train
1.4989361104823162,0.05849515457296454,1.239928296102898,train
1.6510788759733253,0.10424585033634895,1.3102199666501173,train
0.9899843557884052,0.10582946663104958,1.0268618022110128,train
1.784857536415967,0.1862348807329899,1.3777393439059504,train
0.5002850024110153,0.16344761899152038,0.775444962797787,train
1.4481803171579561,0.28746527986734444,1.2755171906604497,test
0.9515359714709233,0.24427108502005782,1.049225025026829,train
1.4429418856402285,0.22560008281808314,1.2585238284253026,train
0.8770379893254401,0.09604729463130729,0.9672719781031193,train
0.8146698051304231,0.09783313971468947,0.9352497834785315,train
1.4392405802083026,0.1426762798904793,1.235269530215632,train
1.2454022309242698,0.09507621071143879,1.1417545426631646,train
0.7809210324635478,0.0638773423993299,0.9054352572795457,train
1.8292623948684517,0.06703732208844869,1.3687615797249657,test
1.8235799929810397,0.11993837597488988,1.3778865760176093,train
1.3243526075442262,0.10749975429623444,1.178912639824873,train
1.5591440413055886,0.2829190369765077,1.3176524925509305,train
1.1770801025803042,0.1854576295458609,1.1370937042879654,train
1.7021650465563019,0.2622489256293939,1.365973784383666,train
1.7507843694215366,0.03859946668040084,1.332909077505547,train
1.646239548925801,0.021348289926587632,1.2886524068084158,train
0.8647232589221776,0.25178197841858246,1.0098840873823032,train
0.5367326902969747,0.13682435301327014,0.7876261843893941,train
1.4873796174369662,0.16969410145535577,1.2613988447100581,train
1.1168865417251421,0.08908736372464603,1.0822281845927642,test
1.841391267670857,0.135632344793969,1.387351195840783,train
1.7897712913200632,0.048482748280918066,1.3498571037477332,train
1.300628140992857,0.29757299098562173,1.2175587660123608,train
1.0661662259832687,0.16939871433333858,1.0826215807812352,train
1.569484311388033,0.03865725584694964,1.2630638417871027,train
1.5640545432686062,0.25695742371894253,1.3133462206317346,test
1.5234243397070215,0.1347230866440942,1.2669655583740296,train
1.7636360815105034,0.1942072125229686,1.3719021156836315,train
1.36597787786724,0.055602924918685584,1.1842612964536623,train
1.274065219760308,0.12472067140332889,1.1618034364467515,train
1.2753622004111025,0.154416218548096,1.1705362565152608,train
1.8334709870290196,0.15420325301115118,1.3882446767805499,test
1.0501267001414423,0.24772926740203222,1.0960568127328973,train
1.7628737897156073,0.15377893742373777,1.3624418025690703,test
1.257334345637269,0.09772493727083136,1.1476312066264966,train
0.6280084261539901,0.08764898631857325,0.8260678195006885,test
1.1734729809688944,0.09923353839511213,1.1107613165514807,train
0.9367945964688096,0.1469769344601507,1.0142144100794817,test
1.2918275669957604,0.0866454818998506,1.160097035086965,train
1.7799647830030918,0.018974482039272357,1.3389412500356395,train
0.7691832908306859,0.06777848011550662,0.900182273026923,test
1.2128369364380354,0.17766516863987764,1.1504036764384893,train
1.3737533776027866,0.08845471236022985,1.1955114881898818,train
1.6547304672512286,0.10623052974306926,1.3120242848561838,train
1.911465443752062,0.08498754835736885,1.4024747648281395,train
1.3259118218526151,0.038064283277448534,1.1624389758669824,train
1.8824270282935684,0.06231404108360065,1.3869873970189273,train
1.0048384435183109,0.08379941062383786,1.0275246060519085,train
1.6464796569764901,0.2534114970007096,1.3433814239729507,train
1.6455881874766016,0.0741554585942595,1.3015153039268466,train
1.3269184711569162,0.25023536747519465,1.2178834171657438,train
0.7606830780912366,0.22555688638080162,0.9485846777974399,train
1.0793064434904125,0.2925454103992217,1.1219256851324855,train
0.93627517735884,0.22854114182617383,1.0371946857142638,test
1.950317928897627,0.04338278567999775,1.4069046113202717,train
1.4669336914631912,0.28261239841337443,1.2818747695402368,train
1.8635567551429875,0.2542074400948024,1.4216225668424618,train
0.944239654451581,0.13865229448398153,1.0151650574836169,train
1.1434100878786826,0.13574079353767132,1.1075294844339094,train
1.3510584885478443,0.01897674221555879,1.167835208656397,train
1.032092275085464,0.07311604607803472,1.0379099929463071,test
1.1847494407309231,0.21731697346184656,1.149218435446394,train
1.3989605858016965,0.042052771827934585,1.1945420447166535,train
0.542428961525866,0.297606018954901,0.8500210419110319,test
1.0097167323457619,0.016287917379936113,1.0102840722430357,train
0.5003325495654473,0.2973823036155646,0.8251172078760681,train
1.2238064330025094,0.09590019598464361,1.1324192931978625,train
1.4120009976206604,0.143650912068954,1.2244646108511346,test
0.6394856900985013,0.16818672117042432,0.8616487488261493,train
0.863141603217195,0.09397042396788761,0.9593922540723918,train
1.7059877315885206,0.0739442953843138,1.3245127357860045,train
1.7604223397743965,0.024665066615797926,1.3330544757590541,train
1.081599881405547,0.2487955712851073,1.1106660927731906,train
1.7213355958118401,0.29196971760283613,1.3799213512551713,test
0.9157103795482141,0.046411668014175796,0.9724629462287552,train
1.5591623334702225,0.25935094317952184,1.3120715863212102,train
1.3181849354856716,0.21895643966402775,1.2063419627260596,train
1.1601486183539937,0.2275653489412243,1.1409849504124225,train
1.484663414260665,0.1224635835166535,1.2486754370985893,test
0.520086018645785,0.02669672390517913,0.7330122407531218,train
0.7436651640625329,0.21022270584627065,0.934319662342952,test
0.9407351965819347,0.2890166642934736,1.0579674595131936,train
1.5208439146543973,0.20103989153993754,1.2826041965782649,train
1.5593529700420614,0.07787517093853213,1.2687451496193356,test
1.52114123627904,0.1656532265888019,1.2736319091805661,train
1.6514256598456136,0.045285791484798894,1.2967753257725085,train
0.619327341520602,0.21818477838338105,0.8679669326103626,test
0.658833362623032,0.20513061622775594,0.8863504392251176,train
1.7830267403931708,0.13957025981718313,1.366847149238297,train
1.0352566294417016,0.01251270317380314,1.0216123136045927,train
1.3525569357252647,0.0275061608491071,1.1709014326707765,train
1.2552542086001213,0.2077735290470691,1.1769957823245805,train
1.4399938570064368,0.21079986956511232,1.2534773154126293,train
0.6154200668419284,0.17681070479578376,0.8510437680155944,test
1.6546853395496215,0.07603045460841056,1.305446640994957,test
0.6851034922447305,0.2023081602813193,0.8999246294448032,train
1.5220616927510529,0.040596508452458074,1.2446502831239776,train
1.1032131487260661,0.1920273667144061,1.106111174834953,train
1.2383924540932076,0.17597219330673197,1.1609084226629884,train
1.5075406015411168,0.11309315464155524,1.2557452729162053,train
1.0565041260434551,0.07355815206857784,1.0497907296525177,train
0.5690562070272083,0.22012898396513797,0.8384124540720328,train
1.9463173275824084,0.06248766695371392,1.4098888747611344,train
1.284015349111874,0.055632850839511715,1.1490823077215337,test
1.6132169615912912,0.19350159452906177,1.3160256755640476,train
1.296942250586259,0.20158111395243067,1.1928294428310187,test
1.7295303540049582,0.03957103848862193,1.3251513325815816,train
1.3469242686315888,0.08606360904032648,1.1836311451865693,test
0.6841353175807939,0.038592849884723585,0.8418931324789104,train
1.462859846983708,0.2750111240906622,1.2785508783633253,train
0.7591110041554765,0.012432089380366931,0.8760554135571561,train
1.7354812025249413,0.11179335753886874,1.3437310026040055,test
1.5215924007092232,0.05547809215508322,1.2482859169739915,train
1.9097129572146616,0.14542851433460105,1.4137748739274658,test
1.4436211843122657,0.27298283364289666,1.2704813629860745,train
0.8377446461821565,0.21513914913181784,0.9845171725190033,train
1.3357063187379246,0.11445038883768366,1.1854274494816166,train
1.6576584154398455,0.06412957167649513,1.3037910262729688,train
1.5678324462876145,0.21445351879614463,1.3041050517011181,train
1.0134450590022277,0.16715560316641556,1.057390418609608,test
1.4830267259057064,0.21888409119794802,1.272533152257269,test
1.9029035919516115,0.02300803296399242,1.3850681518007006,test
1.5272150646493032,0.06021078100648895,1.2517220146827839,train
1.050952103378703,0.10276325748718336,1.0551499808488434,train
1.8661374955751426,0.14529564206985043,1.3981842446127644,test
1.741436289092259,0.17513934589485816,1.3593552933871047,train
1.7827756404007515,0.17300725847615492,1.3739705569282978,train
0.6602620650399524,0.16744554195953476,0.873256473074378,train
0.9362432504610321,0.17417373890781843,1.022318521356469,train
1.6851917039903035,0.1310679307070448,1.3286410610643573,train
0.9122112438270263,0.09085572615230177,0.9835633845324506,train
0.6105589033367842,0.16025756685557369,0.8418116657625904,train
1.524899018708879,0.04533954884983977,1.2470226792975478,train
1.6989049347185585,0.22728869723300693,1.356274964829288,train
1.462651712210547,0.2863513599080931,1.2810108421278377,train
1.017265004637507,0.02568798136051241,1.0170695360722868,train
1.339659978451323,0.23687487092225631,1.2198344527293277,train
0.5322799271711907,0.07491153843871226,0.7607788979717794,train
1.3439924836295871,0.10755929293096729,1.1872545998548407,train
1.7852017620726173,0.01972607091882305,1.3410837040467034,test
0.617079852521855,0.2910348811065474,0.8918724112179139,train
1.074979094821748,0.17300772556385866,1.0877460017287008,train
0.74729557628973,0.03365861535081137,0.8770654751165402,train
1.0700118449498848,0.10325113401969305,1.064275004579179,train
