Omega,zeta,f,A_respuesta
1.3739560485559634,0.01399915044832251,0.8458773294303427,1.2568621018494515
1.0388784397520523,0.07144799602279453,0.4574617023008353,0.9604517359711731
1.4585979199113823,0.023709358291396053,0.9539156583289014,1.311901611677138
1.2973680290593639,0.027087372972848477,0.6577786979233821,1.1852975479920551
0.6941773478876495,0.09668100788938047,0.13358088801286444,0.24850857610163263
0.7281136326755459,0.11029611861566566,0.16963633116459229,0.3364907934956563
1.0503859378955671,0.0718594173724616,0.6937832564076744,1.0462830830263175
0.9707980242325812,0.10069293866374543,0.06642505659489999,0.32273777122241304
1.5267649888486017,0.0919558267238186,0.300861889615537,0.221411320733888
1.2438651200806645,0.07355367605005474,0.15699183866047073,0.27366682788277236
1.42276161327083,0.14275885872054336,0.4522558810249386,0.4170929444520254
1.043414198827331,0.05469347819946859,0.4260666965544741,0.9550530721714686
0.8272387217847769,0.030699147681144522,0.5314389059950788,0.841686175972361
1.1545847870158348,0.1033236388275751,0.2940436025204796,0.9578974050832804
0.6638172561041753,0.12767109638964677,0.051402717590613656,0.0879429700747256
1.2316643991220648,0.07019673982128868,0.38624364282470436,1.0742189215948859
1.3580877400853737,0.1344107150046623,0.6583082987652454,1.1913828846114225
0.9545259681298683,0.11369469974381578,0.1264936313881831,0.5015595131766398
1.5706980243949031,0.1488121188921561,0.03350180818816932,0.021757655735509605
1.4931211213221975,0.08205500268160035,0.2633283629275869,0.21025996375397277
0.7946387078519676,0.04885964076499957,0.40619053468509797,0.7328321102651834
1.066721003727034,0.14239266195156888,0.8140965041679971,1.0742051846567082
0.6438037657872288,0.05811864584069776,0.3902808913089675,0.5875636508893869
0.7542894920675478,0.11208405333956115,0.5398323560110173,0.7841440818814478
1.2830489532424547,0.06345532959726688,0.6016452805933483,1.1615982321442466
1.3447621559078171,0.0864637448591349,0.04139476381289538,0.04921122803001198
0.9258253581381519,0.07879545200394637,0.3579346342108611,0.8127329355006898
0.9704597060348689,0.13652751740187874,0.43285452512958955,0.8720742753452705
1.069555811275808,0.06579864324953248,0.11828165052534526,0.7611717673982185
0.7894713590842857,0.09882541073078215,0.7871641543356723,0.9257771076891829
0.7299215053354716,0.05464255282850784,0.9435561657923521,0.9542869366718681
1.0757049262259337,0.06418271689349689,0.04182344421700801,0.20065979735571093
0.8269093490508841,0.0688072656938651,0.609345307555121,0.8767906805592949
1.2698139946825102,0.02324201765528136,0.7685671859425909,1.1904710800948277
1.0371519188723308,0.01829993346355597,0.2991114368768916,0.8980781303731533
1.4326781960578374,0.1017860388562799,0.7918044731659524,1.2660573693527235
1.300265102002249,0.10005007205974258,0.6397079497509752,1.1700869630640118
0.912366641382041,0.10112190856046381,0.9305793796256486,1.0336823412299005
1.432259801395201,0.007866134574690292,0.9813847151266973,1.3034265957383713
1.4047643574968018,0.05234929218740808,0.06149919171873071,0.06247362033055721
0.9874783790301744,0.03368242785258355,0.4560390058064661,0.927402591818814
0.8883281039302441,0.1178319562688818,0.5560480318266539,0.8842458316434796
1.2824955039749755,0.12979140820243887,0.16380836854349942,0.22618802601516547
0.7397524836093098,0.04076865469779136,0.34956011381881447,0.6302295110024455
0.7999082024751083,0.10183812803295801,0.9878944988013325,0.9969140891391773
0.6073622697510055,0.023757606501449795,0.03590584721562201,0.056833097263005825
1.264850856592032,0.02510490195384583,0.8458015292838322,1.2011830417170946
1.05891577553834,0.1369974019768616,0.9784848308722204,1.1111516138295197
1.1687411959528937,0.03436574914900696,0.4853792997461898,1.0680391110824208
0.7397969981276574,0.08360146006785428,0.14830288590356905,0.31219961554901565
0.7145300735359734,0.10670170968029768,0.07068706183306324,0.1378279230191112
1.2684029617904717,0.14317375793040701,0.9465082409911495,1.2025632639378678
1.0710962061431326,0.09345877001864021,0.28049322500956436,0.8893278410738124
1.165236106481189,0.041990504998970196,0.5139826284332599,1.072495704734803
1.3649988574160257,0.09569433275252076,0.10888773076816924,0.12075018528702401
1.234718320000591,0.05147121844331234,0.43518201813959295,1.095693576739461
1.1535794006579958,0.14653861665029763,0.9315034088651216,1.1442199869346061
1.1592071607454135,0.06295303959872735,0.5123647337583196,1.064467412001407
0.9039500980626122,0.10438701951034705,0.9717124487662814,1.0402802104614448
0.6308178345679394,0.00836799944027998,0.27365892449265167,0.43777489168367606
1.0367173892323622,0.06300890968953952,0.5144543349098584,0.9823135429721854
0.8145846728195292,0.1318906039317642,0.8623401759731387,0.9615410949736585
1.0085286437246361,0.09348297944282065,0.45928730746266894,0.932330611567797
0.8339394858653407,0.14071093741818025,0.858365856149524,0.9685645452994207
0.658302741689066,0.12882773454134822,0.40209167949515684,0.6004103766680495
0.8813838920219965,0.05172127270432604,0.5401088252390294,0.8837149575431831
0.8935937577666836,0.08395951829599424,0.9769965250868428,1.0385781249144075
1.1570321523412783,0.09666936251665503,0.315372623985782,0.9777111333802614
1.3838982091064134,0.05344613370901956,0.05044820806844315,0.05441816343821028
1.2643135403273875,0.04040972511105379,0.4040009557118517,1.1097398134643985
1.0063868614400704,0.13733741611205272,0.21617976197316235,0.700245642151726
1.4140203846660346,0.1389618024272834,0.6864342366997336,1.2233698437676015
0.7669729199077039,0.12728181843548694,0.1976950295905353,0.4179585768551889
0.6227120731338605,0.1468396424608614,0.6813164973577523,0.7845172964760442
0.6900478607756417,0.11302377123805483,0.2782059196255313,0.4807849226256982
1.0618772302513872,0.1155755633345829,0.36188343900546954,0.9148420309579104
0.7612717790336018,0.07468810648663445,0.7224167151603372,0.8866735961408433
1.1010447751033636,0.0711855682045694,0.47717907787557623,1.0124718418406484
0.7523121027131684,0.03983281004160545,0.37407292087562943,0.6669287979637651
1.2963203750777361,0.09849878318209712,0.8555702646586608,1.2100119212711828
1.0461562755740306,0.046951419734838504,0.5805116131283786,1.013278074828915
0.9810212260964825,0.042382219406841386,0.22955420485243783,0.788380379934244
0.9015120891478765,0.08996439924392793,0.902089452580809,1.0215827783076468
1.2302825931188885,0.06444744629263126,0.3557972901129678,1.0660653691920041
0.9618126105533904,0.03673420827522166,0.05819978998657399,0.4635583895640356
0.687649919316101,0.12332812242916051,0.5047082194949638,0.7122649997012331
0.7180059021205153,0.1297826382976845,0.14145929335206023,0.270880432798033
0.8658699614595196,0.12063907117370912,0.810805339866955,0.9718183790225252
1.3787509039657946,0.025057715166827137,0.6144014583997858,1.2230598801200718
1.3168901891589955,0.11727870567154242,0.7161520081823727,1.1894485635615275
1.0493615021437885,0.02177710425986727,0.719314877709269,1.0569985287767012
0.872241561845159,0.06155907557269673,0.992951798125036,1.0341755539544293
0.6963909621534993,0.1497983796767278,0.3547074969575904,0.5732490045505823
1.0557762898336112,0.027324719473755834,0.5287838902160351,1.0050161626275191
0.8023633647952303,0.06630604821928505,0.542584813635074,0.8264768543181866
0.9059566241506525,0.0948519362656299,0.19435423853022157,0.6121086144023168
1.179219568941896,0.14027061344992173,0.6208472306142567,1.0827242185541615
0.7767727829392317,0.14721906610228996,0.03384223880728749,0.0739141893309719
1.4566142840923755,0.01509789230575222,0.9291150344051371,1.3082092815764288
1.3194629559509368,0.1196570062149191,0.05876900422238797,0.07296490379856602
1.0320930397751038,0.04424166207927476,0.1260844526453599,0.7564543773940504
1.227308840702443,0.1333031136284223,0.2554439693140489,0.43762990255067946
1.1840979689127356,0.10120072229821758,0.28842804523392435,0.9787566955422062
0.6844443211398891,0.12571674631398103,0.29376771594985457,0.4943010724480515
1.0158074021706096,0.030571675101170998,0.20908290176361247,0.8179863648167651
0.6416141738618925,0.0664068322285498,0.3910485088858282,0.5858929672494932
1.093990819244519,0.08506681464110284,0.3974643826088498,0.9730930618828254
0.9298612123327853,0.07761109161664034,0.35222758579082153,0.8130453864520941
0.7445241888660469,0.10449362276419681,0.34136540586008995,0.6135009247473941
0.7034029677225516,0.099639576556042,0.1079366521864262,0.20544405750424746
1.187644572177712,0.14884609080156797,0.044700848183638925,0.08251300691071374
0.7705929685368861,0.14991617683750724,0.21807201415333724,0.4460004012071937
1.181061139700395,0.018803867609325276,0.9909935702400997,1.1845069559262278
0.946869804534837,0.11053727835046416,0.9299556515561824,1.049321827329402
1.1909154914814168,0.1466162913414054,0.5141349684270132,1.0505111128778746
0.6228038710296975,0.05115732620620794,0.5411873786623755,0.7042282126888537
1.0823034369429,0.06659265409824111,0.7784606498649032,1.0870806467946719
1.3827352272502862,0.012455777410754758,0.7694615541739956,1.2501269397658674
0.6827299999224385,0.1024783425273995,0.8473869104307957,0.8955233262273808
1.0866583308381603,0.05623396578492782,0.8975944856529466,1.117498210228163
1.090706994354521,0.11918226182156783,0.44566226326078984,0.9752723361201472
1.1717280523760754,0.12407846405668758,0.810270754219961,1.1321696873418865
1.0734894010569538,0.06541656971578262,0.3222904300477952,0.9306858102855577
0.8669756630918936,0.051624123924930425,0.930657399126027,1.0152323655749174
0.9315689973425522,0.11357901305172295,0.11245467258686236,0.4300981428002429
1.1206724024715378,0.12120146790719483,0.9943837955800172,1.1464354855730599
1.0389114603050467,0.0762323297267481,0.774688903795692,1.06101860915546
0.6216120798803304,0.13448949783276393,0.1114054872178407,0.1750181478657814
1.426291924194358,0.02586676093139095,0.6631050551429006,1.2563140334469303
1.4961607718397667,0.13246497305054922,0.053495822709694954,0.041138635313522576
0.7402490889986107,0.018933808780922785,0.7747832104552992,0.8993953035005894
1.1540361435390494,0.027261200697919014,0.8032384632258742,1.1348816964394348
0.7085757411354435,0.08240680192472426,0.6103620480296188,0.8000184206325547
1.2722400930398117,0.014790179627175177,0.8597231840782391,1.207676377523074
0.8812337838390083,0.012657029703016002,0.11592561461056251,0.459510846982745
1.368647491917657,0.11732046278737332,0.061608793771536316,0.06621992896465867
0.7077409459558965,0.01005156079058777,0.45925176581974286,0.7037589322873428
1.516011845137608,0.09957735293754903,0.27990918699031464,0.21018181030040525
0.8302139908948808,0.12435346102534704,0.40488031185971796,0.7446891097419995
0.6374125561761798,0.029360123043791313,0.4366005793524603,0.6299096965623362
1.1548524693914834,0.026295241549103614,0.8818234988179314,1.1511057758304766
0.9709222838624387,0.12981614117497772,0.2849341511170863,0.7665868993294211
1.4297897431324131,0.12435306844276373,0.8958682661419466,1.2747688264274124
0.9171388928227153,0.12378398249762713,0.3412515662801063,0.7711249558020905
0.8909178381401186,0.06219982010111939,0.42938842063558286,0.8311810358837393
1.1150571292317144,0.11198064563542406,0.2722248667940432,0.9016295893978674
0.8559650905676027,0.04233053410197468,0.5126257383001456,0.8522808892879733
1.5360435700489634,0.11408769259286515,0.16876569841725464,0.1202242303875313
0.7646078175820181,0.078105897636668,0.3648913441625068,0.6637023347831015
0.644910619392329,0.1137885682524938,0.5744744149866088,0.7355791808770596
1.035097060003038,0.07237854748931279,0.4251400795020614,0.943924212588499
1.3486080194569492,0.03521500450807717,0.9703761472543898,1.2613704092002218
1.4934466396978632,0.02224200046492427,0.9682411654775228,1.3299559358556068
1.118858360386449,0.017467440766087042,0.8413738237336981,1.124427077145479
0.915929051830793,0.03056224792820887,0.1592618473346098,0.6173215771316395
1.3720124321109881,0.03042524416081867,0.5359308888223134,1.2053225033857098
1.261661263167761,0.12435060530700046,0.18657895077186998,0.2799641946478026
0.97365772887371,0.06278346040376079,0.8218628055747121,1.0393254872299613
0.6944666680615152,0.14860632631726994,0.59247890619963,0.7717566650317949
0.8624605159228647,0.09976327472557828,0.9310069925670279,1.0097273373219366
1.5368131505337792,0.07006577854418133,0.13288233224797547,0.0963848168469509
0.8409705750056847,0.06197313562107572,0.5725851554018877,0.8695885255349812
0.722757932411486,0.13188720886284194,0.726619743573391,0.8613903131598284
1.4311126721249061,0.14646136864511794,0.07767156658578314,0.06880914999502849
0.753284316624494,0.13156454902225592,0.6058989125420795,0.8185642268396044
0.7792683081577391,0.03288359846009429,0.8195831911538323,0.9365574508496003
0.7964346657145732,0.04691711933753779,0.2733860345857652,0.602122927909937
0.9103236729000947,0.11153514396318408,0.6696659625061824,0.9481644147730972
1.3774048382411777,0.08713099436739848,0.13630381973726802,0.14679763524665668
1.1007411862023422,0.12513930410162394,0.8968340100804372,1.1153095502206323
0.7438975025512508,0.10802725190268828,0.20225493147819498,0.41146405957214066
0.6139362877082015,0.008853775924607296,0.33680056667780256,0.5068981656697904
0.8296560299988552,0.012171574886172274,0.5958822751599822,0.8760890890027176
0.731822217786521,0.09222597560612228,0.7237010899015655,0.8693564407113542
1.2776586736128575,0.07549785096522994,0.45380289485705305,1.1213403660361876
0.7218325046285311,0.04272677502473375,0.17316549552175556,0.3516787445560354
1.2942624356428865,0.11489699621626477,0.999770030176057,1.2301917097582649
1.1811166092209024,0.12485866527539985,0.46624507901461754,1.0404432799559087
0.7997756516600576,0.0863773448440564,0.8750811141655283,0.9630849468014752
1.3154071296158016,0.044251030416790516,0.9239104857750832,1.237874697279537
1.3389840039155416,0.08067817826154175,0.10600419511611958,0.12901843036607255
0.7310577515573132,0.05063869469183524,0.13173880750785993,0.2773121979030119
0.7237538036503446,0.08679379487184732,0.9310395439697398,0.9458125409559864
1.5275625510065076,0.10311459546389747,0.9485431841438893,1.332718462440241
0.9975781938249406,0.01458148558331225,0.3284230985160561,0.8764276982858499
0.9009486917809397,0.00515478242829835,0.3680615892539944,0.8083934356620522
1.0885840453515332,0.03578018513190773,0.46340123013806284,1.005628541746308
1.2628642127635823,0.13470416716922323,0.427838446465945,1.0661773190645703
1.55562325704697,0.09871216066814108,0.20624431164040471,0.14198790585534748
0.886446226882055,0.029934251030868313,0.900407876260587,1.0172728337995978
1.524808429312027,0.13408827446442473,0.2682414486915309,0.19355519547628275
0.6248594913862563,0.0731436113416643,0.7111669612880985,0.8077731208281821
1.1551980423268247,0.0740333047184058,0.08581256418027343,0.22935901674317544
1.233975111681085,0.140653581857185,0.057976304897860875,0.09240399111928409
0.7058974037507533,0.013625570366584301,0.6606558631253823,0.8289171763085341
0.7403395970639126,0.036200849821164185,0.35223554042179517,0.6340705758689102
1.0191143193163037,0.08993684214743475,0.6623502048656013,1.0154648683680894
1.5662319121431816,0.03334554388939059,0.11214077812545376,0.07697694335698874
1.1960425532343728,0.10353141633529889,0.9508543523175461,1.1770048875572265
1.4043609156129708,0.01937776073682808,0.8787418883652832,1.2763305647648517
1.0673816015552915,0.03501284814792176,0.15374114296362068,0.8371999487956455
0.6178367839769877,0.030540053380096584,0.3809772809222172,0.5597136542364889
0.7091439967657349,0.02453034361388536,0.5464291953602822,0.7661039413973606
1.4294286148827364,0.1297408735017464,0.310931115797266,0.2817608162838659
1.3968170883251618,0.05145759452160963,0.07941812734561701,0.08256623446046604
0.8326407419664337,0.05731000954514676,0.38150081312272127,0.7472277648135494
1.1307695905990536,0.013014209377678006,0.2694583283347365,0.9706067621462083
1.206015820700011,0.056818595407797844,0.3982028656339506,1.0645022133056927
1.2031071573387258,0.09352033476455933,0.2766584470734408,0.9943838371323979
1.0125715692736803,0.034781593162498965,0.6344132936236234,1.0097168656830031
0.9741840434071827,0.13381299069411187,0.4003907578865038,0.8568157690430959
1.0258820863735099,0.1398016600333355,0.3584757253061022,0.8657214300173489
1.251931025579974,0.019475503290634577,0.5432275200679254,1.1365303020776973
1.4674906317523249,0.020573428661843696,0.7764233300270472,1.2936881165898846
1.0538968820762997,0.021722333526093256,0.39129059722099807,0.9542298260174867
0.8478395629513581,0.09483754216499524,0.5957691027047237,0.8806631277494086
0.8366623629975811,0.022685499810395318,0.9668785728608127,1.0117507281594487
1.3460142802434465,0.1285954360998886,0.5315405118356896,1.1556102665141788
1.4165687634239104,0.1143693696659944,0.9116016249871935,1.2736818648790522
0.7052780798541249,0.12387228444451348,0.7977991717712984,0.8844182987855258
0.6665588569551781,0.08127877639847303,0.07754430801714671,0.13691212714889464
1.1944336637564517,0.14951819567027724,0.4405168940398717,1.0179202647482775
0.7461732441926983,0.011405389926903384,0.7043520397112164,0.8731497231673749
1.4246641904563413,0.06318341980698643,0.9869776741992359,1.297064924119648
0.9103346739240744,0.051970816995957236,0.4692087653382823,0.8707039739052556
0.7438719329711426,0.14255359731333295,0.11092974504420465,0.22371033249107267
0.7655317227352781,0.12189768998948515,0.1440325162814811,0.31339304531775464
0.8847200823379355,0.029699473080485234,0.7564891690738055,0.9724352031726425
0.7536133951920586,0.14690195086556362,0.5175234575125423,0.7616462594477361
0.715490063665355,0.0773027342970657,0.7289627410097408,0.8640248987566543
0.62114801633644,0.07658245105924363,0.8719745903409533,0.8790532906620583
0.6553954091642601,0.14577828563913198,0.6363690568195216,0.7761765622714382
0.7746414709358527,0.06020619237648602,0.6201905426681179,0.848943175011666
0.6533819326271754,0.06264112856047398,0.7594788895308386,0.8462874344086531
1.191143816110971,0.08978914190671582,0.845605901423614,1.156490887586577
1.2807145267995064,0.023567628529429105,0.8716727105514627,1.2136362959873155
0.9936304568320282,0.051557415829718956,0.055701591769225636,0.49061753586620976
0.9179910969520494,0.033015206754543926,0.5650664908618336,0.9223505548962306
1.1045262370222302,0.019976104470522192,0.2319439236016004,0.9290848205187615
1.4750049422346085,0.1305909679179979,0.8631389729661477,1.2886547619738251
0.6434750620127919,0.05700755477154712,0.4318180294517894,0.6283090150935917
0.7814984095965241,0.06425705971817336,0.20434214355892427,0.47269445267621957
0.836744871104396,0.06757025553466642,0.35224315340143,0.7249856176787427
0.8493875758322118,0.09680663141098286,0.70970214064942,0.929690183369906
1.1712326517427727,0.13938156176590402,0.220272354307406,0.46556219918827835
1.0162624257031923,0.14025304485026246,0.1117112864316053,0.391082663477595
0.649254119927594,0.061766337031946186,0.890268183063,0.8991101468878944
0.9736141384595716,0.05274305664167658,0.7689261425885144,1.0253349893752512
1.1237529487176372,0.07040174252686199,0.21579903204496992,0.914832605123888
0.701671902903716,0.08735046341213142,0.30646531256139187,0.5354755955350994
1.4334585537885598,0.0719635971602135,0.972628773588268,1.2981758837536124
0.6519618664651042,0.10051924442342164,0.7140207970239351,0.8213504126698278
0.6991131415798755,0.05150375427064103,0.32147591571564776,0.5578441990241771
1.502653143927617,0.05989595419616098,0.05873314631642586,0.04621829030727755
1.4020258802735936,0.029079081700026103,0.06231172055574684,0.06429839351469359
1.379477540771329,0.10985150131108098,0.024760191021733456,0.025995931563071274
1.2424832759955478,0.061419023170701595,0.7349051861037595,1.166008820821399
1.378996354578129,0.03610815102122083,0.9498962820061428,1.272968949616092
0.7345522084131471,0.0865874995333543,0.7613729867727642,0.8875796749873247
1.1360680359476372,0.11455323365864695,0.4822073868118911,1.022728855619807
1.1142228701904144,0.04232624254007885,0.4963243445696556,1.0332902830006485
1.062799365593516,0.1394882046456322,0.338150793768127,0.8796510100718453
0.9850894961003535,0.09162220671570691,0.5312799299021234,0.9466049010470521
1.23956327123711,0.10199741055377903,0.44252793799829276,1.082369896962619
0.866463317500846,0.01262351859684303,0.6062045224399593,0.9053813559137122
0.7397684109539568,0.14210038419817644,0.9001576788910726,0.9379267121831177
1.077877274023746,0.06191028646841684,0.9951092289773341,1.1330010870984846
1.016889368594885,0.13896555807908734,0.09716842408525878,0.34241881009283803
0.8325699405288737,0.08895174108878517,0.39698980320811456,0.752004659008994
0.967511810115128,0.005669725832282504,0.19709207185147326,0.750629624969221
0.9663924498262474,0.010588589901898178,0.365078064447023,0.8676381666979152
0.9274955644125454,0.10366072682213869,0.30172355817745455,0.7594469732967215
0.979464079726929,0.0865868620056303,0.19104638899425253,0.7167589801869372
1.2857433454559453,0.008847203394880779,0.7687945323528647,1.199462851048419
0.8968764745712853,0.11280169437724587,0.5063629679726511,0.8666208924407867
1.516348019538178,0.0769805349536997,0.0519405943820742,0.03934544756825854
1.0809104283000786,0.07253482885180197,0.08563845286935012,0.3897108218088263
0.9283612050046888,0.005793600781020985,0.41520811127173723,0.8612322855528178
1.1354347898300032,0.1190642083115719,0.09867177399595638,0.25035662434777495
1.252587340560102,0.13242072486846823,0.9863091482150912,1.2049051394483363
1.1327222760657403,0.08693629704145231,0.2141553865838489,0.9028367563671776
1.2329176292676207,0.044199559288902485,0.5821678554197949,1.1311210696656744
0.8881556141824617,0.028285305324813208,0.5080383249772935,0.8753818230030639
1.3348931623102906,0.11736164599029256,0.5888295312587879,1.1710085479887375
0.8024045931257183,0.07700561943271084,0.38920057264437574,0.7212502704015757
1.2947981288184982,0.08279074894407636,0.8302271126970481,1.207714916838424
1.460719068325894,0.14498531325485164,0.15580894041361357,0.12875916747372781
0.7321028373015439,0.14471908727221228,0.43982479292463633,0.6874889789300438
1.2143797405419199,0.1290681076468485,0.6959666114752053,1.126646523948678
0.6950957482299346,0.03220334745092986,0.8708717114772417,0.9135732577806038
0.6844932188235202,0.13233137657505292,0.5763906871118777,0.7583386036899986
1.535939822700626,0.05929727078509596,0.08775714610711628,0.06399778031737245
0.7374079300378021,0.01966039406065982,0.18691270634959234,0.3956380471661118
1.5588802459090805,0.12258962082478866,0.0877553992167922,0.05928246473609451
1.4008841760850967,0.07485571494751489,0.7333232741585515,1.247110836002739
1.193682004466354,0.08683693865208089,0.3022987693476979,1.0067674473022554
1.3826241046295469,0.14741092296608743,0.729270384388001,1.2130959588416268
1.3951148389830859,0.09304565742164045,0.08507031346240906,0.08669346770298013
0.8533833538391872,0.05864773333784368,0.8388195941488699,0.9805715150943063
1.190075895358309,0.06555479743483661,0.10715016818927699,0.24211931891144686
0.6950491975644012,0.02216786706090697,0.04328137632804279,0.08357821177918144
1.2161657000241213,0.12023883097054791,0.07516303672235135,0.13395555792632546
0.7712913040927888,0.12646894443712095,0.8565575696837993,0.9390299044613875
1.1649506114724417,0.04623758451314428,0.25000941927085785,0.9844741249353135
1.1724305140338496,0.04905050966944189,0.5573078515010249,1.0874497540262045
1.0659851529812272,0.1317784671685479,0.4377193191164556,0.9472520197004013
1.1226317755131228,0.008475701551553541,0.79961501570403,1.1177154840247063
1.0921532155754292,0.10506838158887666,0.9893101007099043,1.1342083906833982
0.7197335885011228,0.059626431141857075,0.07071475069180709,0.14436490261351342
0.7171035659001105,0.0947136428345981,0.48809579418151133,0.7254999864473444
0.6877090119107684,0.01081377643155251,0.888608127454363,0.9169778518179601
1.2578632850405278,0.07195044359175386,0.6719096862920388,1.160179396024284
1.0186083007903795,0.08072637962744396,0.6915103269788103,1.025584768383956
1.2712314133085925,0.0252454298559725,0.4302032955342252,1.1229148002951739
0.9336377583282381,0.0323287739367837,0.37924944222906953,0.8439091454837117
0.8705349409101757,0.14236137038079263,0.3403603848394496,0.7155285107574574
0.964192017772054,0.0637241389168935,0.3193710001237467,0.8287925795255109
0.9144399802042629,0.1223005923634786,0.2658358338220197,0.6954357194253064
0.7576116486249996,0.14629048285078275,0.37774630194706327,0.6497719869602689
0.7477833725421916,0.01670661560039717,0.16694264837537942,0.3684990341792261
1.0379040371987531,0.131354317577476,0.6100770039967588,0.9993705680937648
0.9833198227774098,0.0969639929251756,0.15111069708197833,0.6410039691804088
1.329685708677378,0.06720878759682483,0.6999821475248214,1.2056237780783796
1.1529930652529,0.06750607185750106,0.8507131386380137,1.1408260679888513
1.3803014939093923,0.08251710893694492,0.16758858245051864,0.17965746373824582
1.0793695641245402,0.14906373453409288,0.028444911991077015,0.07865683114641189
0.9763594734808262,0.14401259126593044,0.0663053320793554,0.23234443794068424
1.3177602360036436,0.10734056552627579,0.9874426054008599,1.2405934794065543
1.551194660003841,0.048755905671054964,0.06398271602675107,0.045239396987522974
0.7184785772170413,0.13593342724388982,0.7531095398982948,0.8705500232979682
1.2370738839912074,0.1407017447916067,0.6002901684055935,1.1088692267225402
0.7219216783351126,0.12643398284922763,0.7609537767796731,0.8768901768999215
1.1882579999692207,0.02203813542662722,0.37202030932238295,1.0508270560224902
1.2860963651054487,0.013674528911008382,0.030716026688450464,0.04689570320742244
0.6123026858886028,0.1260326113274057,0.6032855650829174,0.7343744273935472
1.0543179618417464,0.02758486229131401,0.9914197355772272,1.1226465465103026
0.8953590253440898,0.13778300439241287,0.20570145164347148,0.5692876017580973
1.058548081798551,0.08727997646465188,0.14144737489844464,0.7307259193436253
1.0423141270678933,0.06259882871355948,0.564150507502055,1.0033228133719265
0.9019273914424916,0.06952732795382886,0.6045161973730678,0.9239978418604721
1.381294035431516,0.14546908659743182,0.7580118081480995,1.2194706915746263
0.7105884109961105,0.050044856836756996,0.8946906648991854,0.9289506456183042
0.8839084378640389,0.14483411325926443,0.5647598567782459,0.8779839151211603
0.7064195318713828,0.1307589408726713,0.3431896719604724,0.5738827674118604
1.2656847361065369,0.12535278097805908,0.688257986965732,1.1536704458088578
1.250125015558797,0.14650514335334497,0.9750986049860837,1.198452021492612
0.6904407269841327,0.1271124250499464,0.42857428598436964,0.650398984470164
0.6289995032044694,0.023405612234683366,0.49737311151809327,0.676157447986458
0.840828058041147,0.12038934194921065,0.12514131637325238,0.34435107500729095
0.743021875166635,0.08412297564175193,0.2519679546360713,0.5008899722919327
0.7982042272128979,0.13534362856647447,0.08602681903034612,0.20325697932986025
1.5106382271308854,0.14591155370377312,0.9328326907227115,1.3100987895488292
1.2562690393274902,0.10720155684126123,0.14136680830450338,0.2221033735289526
0.6361627104946962,0.07502606647340866,0.21402113148856894,0.3496358684814027
0.6054298341287004,0.07117855939576757,0.7700147994598638,0.8275077841422134
0.6516579170143989,0.061019511297361356,0.11499585095352743,0.19766969687284197
1.2059251776477278,0.057431859288036076,0.9022725376231012,1.1788460786159352
1.4014818108594151,0.06176849204424255,0.7311869513080849,1.2494435967613706
0.8385528206273885,0.018014219111423313,0.08724843996668173,0.28827488914094274
1.449408842923073,0.01622823236276354,0.6980101200599398,1.2740297241686172
0.6572319401532604,0.1180811273614852,0.6389959713278914,0.7822130307337365
1.4009638536416762,0.06968056947343279,0.7622024440851203,1.2526754823314055
1.3721083991043805,0.0937720462461231,0.723983551909692,1.2264210167672835
1.298120783978637,0.010100517416740864,0.5944527693655525,1.1747829477973448
0.6401512995470664,0.03484386998688609,0.7033281885933306,0.8132884754482518
0.8017821107190554,0.14648172353650077,0.9578321529381639,0.984454188008241
0.724923679305643,0.03671211279198705,0.5957713449182968,0.8055507031309113
1.1045309901929865,0.07978457306176744,0.6710579710655689,1.0707136438584959
1.2300118445763988,0.1466929458375818,0.7609983935482129,1.1442822998598967
1.4511310997619349,0.03927226313061396,0.9977140444918632,1.31292233374484
0.7552129924410909,0.012122058343755819,0.17718153758638136,0.39758321427525306
0.7930414908689041,0.014182629411870921,0.5486490034911017,0.8268217069776149
0.8707587513178002,0.033293014958388774,0.4917478893164251,0.85340582834595
1.3099046972813038,0.08744260863204163,0.5801383888165844,1.1665117740453705
1.5802047848986818,0.13730507546286805,0.06809256676978757,0.04368636816958979
1.2115436059770697,0.0828967381356793,0.41619092720384,1.0647132829672534
0.6545003149912956,0.0957684857213667,0.5913186968242496,0.7542456534954844
1.2163089699275327,0.03427075148338346,0.5934875242788634,1.1248001536498817
0.6423505515801671,0.12108462499770827,0.6641872825330061,0.7880131878104641
1.3095782851006206,0.1302998402329451,0.6487162592740394,1.165812721132359
0.7731278464225032,0.1425822505158387,0.7944382922816463,0.9147984692645036
0.691721005824198,0.05544561248470588,0.6322654219908999,0.8039865477993338
0.783533228880319,0.018133963487638703,0.5467575092864604,0.8188678070809016
1.05856064245849,0.06848702702299639,0.1191694994182657,0.7421111602593639
1.384080948341408,0.14212557951454863,0.2876934099110096,0.28984693068504963
1.2364083421077767,0.05985492424414521,0.5368517850449686,1.1202936671346846
1.1724131499586372,0.11676211598147865,0.8755274710936729,1.1481834890028604
0.7451302546650497,0.08336912036475948,0.6854705251622332,0.8602590500239332
1.5460244535580951,0.0315072717124916,0.10859991690245963,0.0779288392033527
0.9013426325147179,0.05150644724825048,0.6004294514355163,0.9239936039683639
1.1780172158075422,0.0997128233283087,0.23730322788435695,0.937200117972611
1.299775944589066,0.10256374222930956,0.7393362285929485,1.1894266175327775
1.2492331552453089,0.06804016328731169,0.8308920354585723,1.1867650256311655
0.748438989920058,0.10967648302933806,0.5995353575566755,0.8156520916862553
1.108352738446942,0.02948659103384364,0.35181961434659775,0.9818176769887246
1.0040343907407658,0.14081710532044336,0.45732502073808323,0.9080156452012331
1.074168729482618,0.03224601896028912,0.8668261867390386,1.105835869433598
0.7192175261977446,0.02056029261071546,0.7288539243478134,0.8686399736364887
0.7340946098727653,0.07715891684297993,0.5293585865019262,0.7686647664515499
0.8780755457812573,0.08033469172590564,0.38086773852340355,0.7838675413187318
0.9047046037608313,0.0786879726428455,0.06937214352278327,0.29586082467465125
1.02790321368135,0.06831678595413172,0.1601472532998574,0.7634982896628082
1.2109875470366283,0.1492481594602932,0.2091646857485832,0.35942601998881113
1.234629117418263,0.07551068883723437,0.3859158723935012,1.0739729728338583
1.0118108965855703,0.07430225420727549,0.9452607741347492,1.088911294224427
1.008783109428697,0.06615607909361139,0.5150503269615737,0.9623052641917208
0.817628526696962,0.01468973443171212,0.25014335999404647,0.6030158206408774
1.1883062484090083,0.09097871151669433,0.1236351347122838,0.26730105571891716
0.9170409113172379,0.03805532697236145,0.3515394141109048,0.8101453882639924
0.6360598342773637,0.09745330213321222,0.8194160228400357,0.8627296243687103
1.0184000441568604,0.012370851982529187,0.3956759375422978,0.927692654254898
1.0741326750901703,0.14730112968168524,0.7770556899019652,1.0668898720845301
0.825592868204211,0.07300573645683747,0.8066508766043413,0.9542667735964292
1.1724579331221157,0.13502952888065126,0.12860435430473005,0.2634033821219589
1.165771900431921,0.07395637011877554,0.6164865575742481,1.094065535166795
1.3020021811103715,0.013747968693262152,0.9599141421036885,1.2383041967662896
1.2479484822012101,0.124220964183602,0.41409531340548283,1.0616696108649388
1.2524330565210315,0.09898664080173447,0.06992520722296183,0.11274498685323676
0.9162141518240431,0.11835477189822205,0.9248366364527211,1.0320127930680256
1.3874322219859538,0.06708463020878663,0.8859929559410333,1.2649497904813032
1.1491443835996793,0.09750082791576352,0.5316986182648218,1.0543333235192656
1.03141819517989,0.12915320555050808,0.5612080579371295,0.9780899905342224
0.9606573344502543,0.05541267705120597,0.8230617404337446,1.0332295806975615
1.1127392446067583,0.10106679118309897,0.5086280376242839,1.0220933866691877
1.3367056884822204,0.10241885734903976,0.05320023923970538,0.06386162809100193
1.5210571972951916,0.05878228662354203,0.9514863444066519,1.3378135803190332
1.1036329251830992,0.06663685628954902,0.8325674805388352,1.1111450875661368
1.120275114740569,0.12275782937212358,0.291654177406329,0.9064629171323603
1.3998704107638364,0.07833553563769748,0.07225858323467384,0.07340647546138913
0.9144506917442012,0.11180309850178129,0.9415443842874169,1.0364801263704249
1.4373823623450686,0.07165787234577085,0.9383214703821074,1.2954957416986397
1.0941416465174234,0.03624679556284156,0.541767013318612,1.034190993787293
0.7158567243352684,0.11305455720324657,0.6494710634381045,0.8221946291235358
0.6720591470729437,0.02401749953178294,0.47334805949659214,0.6873815764705183
0.6555679169068779,0.09588962250371025,0.13705946721012635,0.2339874003331838
0.8806114361336559,0.11335412102785011,0.1148178403938741,0.37109410177052227
0.9341300405015458,0.13472974359583317,0.2480775037426637,0.6819876263347265
0.7729944451915938,0.04452504212530429,0.8399079314784134,0.9401372755886245
0.9138933698019892,0.02105501749708038,0.16291565472096636,0.6227113717339295
1.3426925667250855,0.14362676563078122,0.2421646788764165,0.27284801330923764
0.6146828435600707,0.027391347763210654,0.5576417781357634,0.7118479344822656
0.9722615731915482,0.08176174633381168,0.572049916864003,0.9560402060512653
0.7536128990606348,0.1330097070749413,0.38073140557668317,0.6540879574598273
1.2008404079450807,0.1152791732958307,0.6336361001236598,1.1081075545727708
0.7196725558648943,0.10768284530718208,0.9139612336005027,0.9367361886708742
0.9649193610782525,0.03040118233912053,0.1679732688063663,0.7111596219922235
1.3721048913545855,0.026376763255409948,0.8325058316691848,1.253467015922076
0.9109615099207662,0.04464730680836751,0.6386601989599635,0.945824430009885
1.2876650491660926,0.04970831457316241,0.6277437243162365,1.171770271350089
1.3054063654840127,0.023455048757710692,0.6464284067377716,1.1879630786582847
0.9878416951636497,0.08478475532669735,0.6966856401934569,1.0083490057865026
1.2408886345861594,0.10722908849600797,0.03615255658423387,0.060071040564537166
0.6107276449756762,0.015140086564144874,0.9589307275774367,0.9093431200658875
0.8090576586022414,0.07476284975565671,0.5938916862362682,0.8569114137407282
1.1250883029672611,0.11842062331383027,0.7858365226143732,1.103366171491705
0.7637513042582958,0.11345856869810479,0.3897362022801359,0.6775994813376693
0.7659068678765336,0.12318559895171935,0.032149269637480035,0.0707460948360926
1.1559694280284485,0.03990919532606907,0.4482495025452228,1.0479981682511121
0.7415958885687747,0.07278525821714292,0.5369939770072392,0.7793062380374828
1.048245613254351,0.061848703250239265,0.38777257689962424,0.9409705358672651
0.9925727158419199,0.03993443188007526,0.9705332453888126,1.087486281302177
0.680049283646185,0.11400820283846332,0.1894687616115928,0.3341918482330502
1.033779027322593,0.04455662787114617,0.3080812615060796,0.8946996333121288
1.0693269341904013,0.023979097973321782,0.5524429927112379,1.0219159441176655
0.7506729738132402,0.06862914676128255,0.5092946518346649,0.7685817846946511
0.7809266522308681,0.04892987118140879,0.6508656561157876,0.8684023021924498
1.5071036221562149,0.05854456199444044,0.9510017351627237,1.3313427349832134
0.6446490889742789,0.03921960307998013,0.29951666378399006,0.48275154960301997
0.8328522849437062,0.11565754602388556,0.6989161378698966,0.9130894389186713
0.8920593303145283,0.13985048536643402,0.04453939894507994,0.13807234592929163
1.0901975424015864,0.07720011865438871,0.27714070327895207,0.9159694023116333
1.1864451730147958,0.09823477138442072,0.47444533343666095,1.0602029397688246
1.0932899758506665,0.13073998010797236,0.05037489271151177,0.14557180249846732
0.684115334556882,0.1498302974133805,0.6253160713425662,0.785190580480874
0.8436674540557135,0.09395989028582566,0.684744396233674,0.916832849161007
1.443588384762541,0.13401802264828097,0.7517970805412858,1.2533479091020716
1.237588700478459,0.1367481957505681,0.526243014746152,1.0883533497794797
1.2491490501342744,0.11976046573210523,0.6118657716790541,1.1282347776274053
1.270203255351355,0.07183505170560098,0.4081439462529175,1.1057267790495722
0.6581084817214473,0.007291805538819408,0.11795281865902278,0.20761388730161412
0.9666083849326124,0.07419409182602407,0.6618960057174349,0.9858044701712145
1.1395274352616787,0.07667560736251958,0.9956441935940608,1.1615456178645631
0.938456483297326,0.06406754624013097,0.035487174380030254,0.20847661483662144
1.082572508587294,0.08506359197914193,0.7559885778249067,1.0792098979869886
1.3686275894593791,0.12630889094974046,0.8302393314536011,1.234201172728066
1.1047914829034982,0.03765076158530409,0.627517660580423,1.0649549043801607
1.1871239405369804,0.1279363457474299,0.861786924699562,1.15026404618962
1.4502742988337216,0.14924951097502584,0.13984374645876227,0.11800421453460386
0.9405907955915243,0.1315722423761272,0.9276585523493661,1.0428272718285592
1.098816958531485,0.134035356025488,0.045497055480538603,0.12632506333126672
1.1314110410045777,0.050580451681336194,0.8394757559386198,1.128845808694875
0.7049797158960706,0.06324093693135957,0.09520561802850332,0.18609970113983626
0.9985525067015406,0.0438723401989799,0.21073564737282383,0.793521343114339
1.517337672551676,0.09291341273794376,0.02381626345350996,0.017873534930558453
1.2308322403647423,0.14112677636002055,0.4563515714253199,1.0545577475379238
0.7775065824369675,0.05497292854418456,0.3476720421830444,0.6637390523542838
0.9388556356096049,0.08576525837281028,0.18267305325728678,0.650165760048521
0.7916030096626998,0.047963446415755326,0.46206835758782816,0.771137586990601
0.6248231317985725,0.029620996197042587,0.41432346550874016,0.5993799090421384
1.0482073282568716,0.01340207495802884,0.8952676999486318,1.0992793992953318
0.9075350724207861,0.1426475608363423,0.6595159067317402,0.9357275575439777
0.6073144562930156,0.12594752934030568,0.3094829788156536,0.4577224983490643
0.8780221066008138,0.10379277354000521,0.9150519308956342,1.0122909327998175
1.233769773069263,0.030442025753967733,0.41871872260300996,1.09461250426552
1.220357709658044,0.04338319803983291,0.951651544640096,1.1958150947534525
1.0775058736277328,0.1374263516367865,0.42297911350791456,0.9443417715377562
1.3614325631840076,0.025308033679976142,0.6740489503368214,1.2234104263570107
1.3206959467183514,0.12309871202448541,0.7583913286476149,1.1980038628612735
1.5632112235493796,0.03911217632026852,0.05094970407913854,0.03516687971336816
0.7141040711836372,0.04336665277519294,0.2479012171942023,0.4723426501853475
1.3324135029937878,0.06734377223550693,0.6727312532837656,1.2021631738658345
1.0400886995273686,0.06771476102014308,0.3641984689120724,0.9216580606447304
1.1531038024112752,0.04169003873980411,0.888912646965265,1.1507771833527236
1.2541024094823567,0.11748970753337812,0.8228741978487867,1.1785404376973037
0.8882282454879052,0.12609323970670638,0.2857151285103886,0.6870901705531546
1.3337534974379162,0.035895865487855345,0.5043745812756254,1.1763543383954576
0.9464928613130488,0.08781926749808244,0.863668445150574,1.03399265468714
0.723869774864221,0.14914127700559487,0.8266062642370465,0.9023066007885764
0.6409469602857197,0.010603424924898268,0.9041066750408212,0.9017748277858375
1.3773431275291785,0.035159720687726784,0.8799274415997742,1.262401247278478
1.0896997418169059,0.0802426231606272,0.9604043368183048,1.1300293272191464
1.585540169494926,0.12244140678450624,0.24376950699928743,0.1560049794562124
1.064973456193653,0.017911090735882717,0.9331878049794091,1.116002872982467
1.0115760021940599,0.11332599109133351,0.4340451822397891,0.9151887011489429
0.684819272311832,0.03238128096896765,0.35575030951727227,0.5864781869432202
1.155461710137764,0.03334689497250516,0.3027819468217331,1.001030607020886
1.5247016672198885,0.07451547584685421,0.10077942966798428,0.07498232042949379
0.6369707272011742,0.09812660069235905,0.8900064421996097,0.8919859077563252
0.9727023413067342,0.1051082834047477,0.637548929888897,0.9758091252675379
0.6486984723138512,0.1475331398727065,0.5305561201006581,0.7020823746812108
0.709282291114558,0.06471729884364119,0.4400210598858982,0.6857115416689858
1.2753056286674842,0.0634863884711236,0.4751135937908481,1.12884659753399
1.3132581963116983,0.13888531032024276,0.2250918006205119,0.27860589023397525
1.3737206827516264,0.04065196011573349,0.8264771596492353,1.2523764128864632
1.4654565480556627,0.11082321071391567,0.21441530401589748,0.17987614548092243
1.3394314684765098,0.11441310504162952,0.7222903015927667,1.2032739284240437
1.4008715921066321,0.019179259629589246,0.7647853112662295,1.2584906049333557
0.6489637098232792,0.07289355382556968,0.5833716611871795,0.7478329271377728
0.8345351504412986,0.03408155834162533,0.8656678474557319,0.980451228153252
1.2218977733752459,0.03187941455636042,0.30522934540163704,1.054191532716044
1.458125304624823,0.07225507601711705,0.883984876818006,1.297941044341226
0.6045001249396591,0.04696730758866941,0.7348222504073181,0.810729120374495
1.1146293421163498,0.12042876490575127,0.8027748312065255,1.1014720966282037
1.2772873993643972,0.13660270925161994,0.6712881153367679,1.1514118270419993
0.6296072891286132,0.12139448776681301,0.84941615665017,0.870949729615008
1.001355557553388,0.04357447653014145,0.9932368854632833,1.096706606258174
1.2716128088558587,0.04193561076703277,0.817637370035379,1.1987655344262802
0.8376583633605973,0.02458052392815423,0.7496881643276729,0.9434692009720687
1.4527811296319126,0.14185076337503813,0.46381276239777763,0.3963754835428392
0.9480314234095143,0.06329693073277505,0.9284100197378617,1.0540158350535926
0.8989436511189055,0.1277673023236953,0.5741565979507128,0.8973594662291376
1.190320250883149,0.06288331888537961,0.12382350985114232,0.2819206333608895
0.9969400677478341,0.010091937610901654,0.2412596901849409,0.822777514225987
0.874825050755067,0.02848152768619652,0.8438822471230855,0.9948139424375071
0.7875936819394913,0.11852126475489996,0.40620240762695303,0.7113034678671388
0.6848115912357631,0.03558548633086337,0.2610613978268078,0.46435055850750945
0.9419269385456603,0.13802236044359062,0.5017781276115053,0.8881171988965014
1.3176391476415676,0.12839458240756382,0.8097006221236099,1.2047974137888844
1.4074316059762817,0.1280152093388567,0.8972608354182648,1.2634848225770674
1.5987433700667648,0.03801086628588604,0.0887121434033002,0.05684076418950787
0.8963620570111649,0.012327718354258367,0.5833243166153131,0.9159575539306891
1.0079419511312822,0.13077641322497463,0.47792790053448786,0.926044737043502
0.7368212780296263,0.04934103316709226,0.6219962134621468,0.8266325420493621
1.1748719296230337,0.09474287527016124,0.45833017317010377,1.0488439607283448
1.5975800372629172,0.11519519813660585,0.4106719244363468,0.2578602809576321
1.3008810101206585,0.023602522484112425,0.4824430981808996,1.153382020041198
1.1952128404133717,0.11822156140526195,0.5903591461812858,1.0921775329583714
0.992369092921794,0.14108416154935455,0.5109635468111412,0.9262707436527969
1.0969165961303493,0.06897729852968092,0.8214786037589191,1.1048195915519121
0.7343669133130615,0.1321183301189969,0.7507350314131006,0.8782312169417581
0.9653784631991335,0.08148135636052105,0.35455092429756896,0.8461181313119337
0.6671666688477669,0.11299178453342934,0.804565575165014,0.8698037898412563
0.8019790376887815,0.12397336185949759,0.8565776556244101,0.9543380759576277
0.6176687809999122,0.11365616494635586,0.17042236126670668,0.26739708664648093
1.0532799165001634,0.04673895702698232,0.5910288124961436,1.0212037077175549
1.2345402649517971,0.022087365631345505,0.29960575372722953,1.0637916825983351
0.9432924623789077,0.03955908675749871,0.7443888754881881,1.0016718523479118
1.020381771505277,0.07791686586215121,0.25400962277150957,0.8332376911482482
1.1408566369449513,0.062289766444444165,0.5209208881613443,1.055045202151919
0.8845408751118252,0.119099250310254,0.9496735385578683,1.0235523411754097
1.496996798772995,0.13740729380034514,0.3936813876873058,0.3022595228989694
0.8350971168806595,0.04077513275452333,0.8782237162439436,0.9844066914394829
0.925342730516677,0.11179586656677376,0.9872056895798167,1.0535870354559818
1.5090648144229486,0.10330591861903148,0.87735383182906,1.3147193446155205
1.1295420552850723,0.08084812239550067,0.182548709128876,0.8797321124412911
1.3423179494179767,0.03233688391175323,0.8232650551444598,1.236673634870279
1.190744794163766,0.12030867749449288,0.05150640719855003,0.10166901527406272
1.2534392090094952,0.14429081141618072,0.40543584602532173,1.036133483974038
0.8993832915148255,0.10966626817387394,0.8733187058515065,1.0101106894425362
0.8413720616266629,0.13808969951073144,0.6949771685047215,0.9124601333041389
0.9224923471686652,0.14770686341745995,0.5420856187911205,0.8914115535497894
0.7554415640834224,0.05604734776468953,0.4001067445809681,0.6915976445239759
1.4743143652908075,0.09754241517431886,0.8160510075408803,1.2910581134922998
0.883246933250114,0.0737202469575213,0.7153672358692564,0.9543020355762583
1.1614893944143847,0.14806116829516835,0.47903721322335985,1.0176912069733188
1.391974425141374,0.018602134481120112,0.8946346504654666,1.2724984883328891
1.0383862585841928,0.13195316145644925,0.18698367897545237,0.6716890500000351
1.0762573085867255,0.046187440026344735,0.6499476890469099,1.0527419532592537
1.4146384431178827,0.14709688828407294,0.26467697135514995,0.2445752095208131
1.5025539692192318,0.13311182628143758,0.15670887100294612,0.11875191519791951
1.3875898362293393,0.04869145186107922,0.8633522841681596,1.2639182480257278
0.7851793449535676,0.116678001462989,0.2418695896031074,0.5187431518632669
1.1621707337375722,0.053844198855823956,0.51311495619039,1.0683868983989273
0.7018941573145449,0.09292261183125258,0.9910550284421605,0.955705458746892
1.2529221265639983,0.10047971141702733,0.031898082903602694,0.05120404838169348
1.1127320643001113,0.008545371927892157,0.5220432618508469,1.0426071159094334
1.032972492867767,0.036922894217083446,0.8112984288819517,1.0705720657164377
0.6358427514181632,0.10822808253534391,0.36817590876172146,0.5513351099629724
0.7030026841301588,0.07686273633916575,0.1845792209868864,0.3506151254316233
0.6410790933048469,0.013005443722657165,0.7459989270030709,0.8351631060989338
0.8460666115049384,0.055500003101911145,0.7890147310043854,0.9604859767606581
0.6655304339183824,0.130439533627044,0.15393005436325363,0.2625296124098734
1.0551178424117622,0.009479461370224667,0.40558793250855535,0.9616729035205266
1.1160878012571125,0.06248325412789775,0.8950468954554294,1.1314580160764716
0.9125699490285839,0.14204650171226202,0.022653128202271416,0.07342680195258708
0.650960482574886,0.012377706509027121,0.3127838892101797,0.5064645932567591
0.7116003682492267,0.11370733390147233,0.5639414393514968,0.7704523466108972
0.9845043779899281,0.04235382934639528,0.34741198246675425,0.8708060435318802
0.6605284508265361,0.1306582806622825,0.28660428539411603,0.4642458706576601
1.2981897256099133,0.11317985694910793,0.47083673520514835,1.1206118306571482
0.807020541524812,0.1334272497744626,0.19789264594749986,0.4567722851797155
0.9020715687836385,0.036309094612533566,0.5390327361402941,0.8995996624648053
0.9941257771780975,0.08203744944869772,0.7125620028869614,1.0173265460023073
1.0166096330691479,0.1179941418183461,0.5837890535759321,0.9807528573145186
0.6016607076748005,0.040626462734272235,0.11124714424136029,0.1737037118177194
0.7120703709986975,0.03845821426374645,0.8475204418822617,0.9128064302638376
0.6012330625119081,0.14398471762644058,0.769515760598906,0.8204832954306529
1.108167355812875,0.10795244760792039,0.3733538085603334,0.9613911819267013
1.089502006507208,0.0971562513314768,0.7871061210949802,1.0887676128896844
0.9330941610106378,0.11287923479077368,0.22214744533723885,0.6705494015164921
1.0313270201464495,0.08208387321083871,0.20292886162152118,0.7979555552857676
1.4412037062149565,0.07018217496291053,0.052277294404393285,0.04770271961958291
0.86034854341525,0.09786368575502799,0.2407913920066867,0.6183065480847498
0.9224904409677298,0.03422257143189556,0.7295320071406614,0.9851903828935774
0.8424828530283327,0.1337685107771561,0.840635808739317,0.9679011421712581
1.0798634005510652,0.12270409382679344,0.09916965665905424,0.320621529184463
1.2832583576588128,0.055686723660544904,0.8844361552493423,1.2147034528342868
0.8282528754634205,0.08889834803781603,0.8015668599721155,0.9525366086828198
0.9307357420548666,0.025448958492752118,0.872290609792826,1.0323532205186798
0.648569289846958,0.13591943970639112,0.6806700059480855,0.7987372346541444
1.060769605239566,0.13867513844238405,0.5345913686779665,0.9826854603246691
1.3115580415967778,0.05316364191700048,0.6597314800014887,1.1907275108185642
0.750454011557474,0.029524532570514083,0.920727471275273,0.9570064752734886
0.6473740200054818,0.035706963702614995,0.11851156138837425,0.20299969850276617
0.7382053716385307,0.01805020170153803,0.32944918828916936,0.6085099127130592
0.6092597818211234,0.015339157456802581,0.9459090685051577,0.9039962971674983
0.7883219748113518,0.14852434503470666,0.4563601566794002,0.7423745512288216
0.6312835129016445,0.015738364088515668,0.6818375812626647,0.7976887198996426
0.7106294675622032,0.024218601737954974,0.8442976632142349,0.9112253530274853
1.2201492866282964,0.12495191636065678,0.9911802431149588,1.1921169314264133
0.8416389087390858,0.08913483142772675,0.17854680863642042,0.4939566328266514
1.1692120504306769,0.11729049466255319,0.8035223536038641,1.1309474238377506
1.190195382766126,0.09648224112703498,0.8896744401740017,1.1636175505584698
1.4494353330897791,0.13291538519769747,0.0678978693138581,0.05821460988510968
0.6047413929118739,0.09757779152588739,0.759008748981862,0.8204774725558782
1.219119086426974,0.10834870559538845,0.6556248556410234,1.1261053567302297
0.7627434861049576,0.06987194900985587,0.5237672321180875,0.7864935379125056
1.4554915417905856,0.07280960560528081,0.15251693476390632,0.13400277039872993
0.8542634837541573,0.029608545239291295,0.13460828842742412,0.44884641841630923
1.518793680902681,0.12050290082139026,0.12125640055432187,0.08935658805121983
1.0544574302986578,0.04280204829371197,0.6450342393318862,1.0383398986994585
1.2034244543333215,0.027262074218871883,0.36438263437154733,1.0589767053690013
0.9615360786391993,0.12710017200697477,0.698047390851785,0.9854463178643761
1.4131593458201128,0.05287918786167104,0.6931125744511375,1.2509552638526706
0.9183991178284596,0.10447723107835552,0.5483849265098577,0.9045955288836013
1.399213522241491,0.1291793964450822,0.9362586605285339,1.265555319417877
1.2007339188626425,0.016272976704131106,0.39770594681259286,1.0676907484915479
0.8163556952254014,0.11592853875081623,0.8391457118439072,0.9564812536284183
1.0140260937892362,0.04961149262495935,0.0936366197735524,0.66933583589851
0.9176356343635617,0.036410242806686186,0.7450344721577343,0.9872555949935206
0.6781083930803639,0.10489071060568096,0.9886784655552914,0.9443495573383225
0.6298347700996975,0.1369205102963189,0.8496662519620605,0.8699671215732778
0.9464786554071809,0.047777785263297325,0.5880714249238582,0.9496913763560905
0.6190341478174866,0.08748090178072626,0.6342307430406174,0.7609728317430018
0.765487757581775,0.04702594650817627,0.36622375844820787,0.6711853332559268
1.3251833208508688,0.08537140993033206,0.6858955138929419,1.1968896995301335
1.3080912356835879,0.09516999444487938,0.7749874755177005,1.2022385865852625
1.3385803864573826,0.09349863137457606,0.9982639114954969,1.254353493991286
0.9171531711299787,0.09541422359819815,0.5026136586604243,0.8841908458222484
1.4900194571176955,0.02458656987154099,0.08007798445797343,0.06551180401178003
1.1938305480284477,0.10556336809007433,0.6039407917163655,1.0994679590435874
0.7260263417466265,0.10283880167513237,0.13664366698252522,0.2736987462778653
0.7437186614555341,0.10397527772144806,0.25986974268498786,0.5073575834686594
0.772943936442078,0.06979163215005213,0.7364092756854425,0.8994406167661004
1.1072927015820433,0.0643100941466308,0.2001319614009305,0.8937987998981334
0.6040076047333395,0.037243349545037545,0.06406495764885092,0.10059977146163655
0.6165798018975569,0.06893958161071533,0.8757751376268033,0.8789151661817998
1.1846388341341654,0.03937400116277616,0.05914753630527396,0.14295068735992342
0.7269099755185131,0.12531373696811215,0.04772645952535229,0.0943929824767493
1.4803803001276923,0.11526114435176954,0.29688371326097684,0.23991731151711013
1.1362004131113752,0.07352061758384427,0.6047918234232902,1.073218126277227
1.2217920298607565,0.07738316268622239,0.445912092167346,1.0826478970492923
0.8731871915008763,0.09485931146004783,0.9248463110640495,1.013608159405223
0.6505196963720051,0.13955573818404451,0.30205283466214056,0.47547334807114294
1.1945676088908643,0.07631282430487195,0.6855624610701156,1.1267746729104682
0.894755193202763,0.0816553430257022,0.0729732253862272,0.29091046009479854
1.263621046660352,0.09228955971149178,0.9567433235051469,1.2124408885313414
1.4362451768426012,0.11193969490817024,0.9811423185501851,1.293526974999271
0.618160543914364,0.015418298645503977,0.7442931364360842,0.8228207967764442
1.1957137746857274,0.07977467858568595,0.4759082221323017,1.0734684851395384
0.8312805396868522,0.0748307804348763,0.2355935705407161,0.5856976787867867
1.4738884979038014,0.1386443227144477,0.8162660134430054,1.2773040257856279
0.8536645065618285,0.07655845416326947,0.7416270152040818,0.9464002115766137
1.1535408400896114,0.1445189983375318,0.46219098827412036,1.008055493804925
0.9961665000592489,0.07033358722212782,0.47354295906044935,0.935525661320365
1.277620763599794,0.031228242396703097,0.8298823389732549,1.2047251799699215
1.3257696347154337,0.0364528378068393,0.690167790647395,1.2059192351550627
1.1669377953193867,0.018802193058861248,0.650304192669254,1.109281113081758
1.358422237184754,0.005082378742546945,0.6568308741120128,1.2197862909827324
1.0192723879008052,0.11654017428824211,0.3842770346329433,0.8931106589281466
1.1145830518855309,0.1113526342059762,0.06474903972797201,0.18695132264940895
0.6124698779412132,0.009661617731413278,0.7912023130958813,0.842218995672293
1.120230067045994,0.02737105318495402,0.44947358994582204,1.024754778489388
1.0079614303605653,0.1414560612908811,0.2604491396349542,0.7587052881215864
0.6940719630893958,0.029267924948405993,0.22523873583024032,0.41797995284770506
0.9950072400405564,0.052304562513788226,0.24790195489960223,0.8150591251505207
1.2825815982092204,0.09802639226483106,0.08292467453415513,0.11980283243387087
0.7493741563681507,0.06477749648729089,0.7721572676612803,0.9014151760829454
1.5615496295410325,0.11514824258442723,0.38894004571823865,0.2628299407117582
0.7784417618218309,0.03844847317253938,0.39263087222131837,0.7081515283580253
0.7995419928994904,0.13633981867256773,0.4426919158854755,0.744741437112925
1.4589828605577138,0.07753039915043605,0.8187439269399319,1.2884466023183827
1.5125827441419313,0.11463350641836366,0.3344201580210208,0.2511839327901887
0.8121474075233014,0.1282108777531779,0.7628754870326794,0.9250099835401181
1.0698008881748278,0.1498301485884467,0.9407539439639524,1.1053231437332518
1.33349490456283,0.03747212151112394,0.6676508320063034,1.2061249108823502
0.9790526950373052,0.04131279757612379,0.7528339286837314,1.0246086569776962
1.1170194868494292,0.04311634316316848,0.4687394223563578,1.026552508168104
1.3311359766527953,0.14906076585614722,0.5347775003012296,1.132445043881658
1.3829601300260848,0.1485903226284494,0.3313678881131079,0.3334294735898625
1.1699338186415265,0.08138211854753462,0.12216521195440118,0.2974791102804138
0.7046150968047752,0.0976589454883777,0.4265549654156419,0.6654374540542187
1.50397329087804,0.12969572883673286,0.1413797435067159,0.10704241046575601
1.4655725393210282,0.14027535147575826,0.42223264408433775,0.34877482260144305
0.6998624771607295,0.08163855069665567,0.9320969575815339,0.9357899092605682
0.8043973670814292,0.12576137292591927,0.055497884424397514,0.136354841979339
1.343600365107652,0.04896430111201578,0.6290292383719053,1.2034811733141233
0.6231400945819464,0.06877231115966767,0.46858048291707577,0.6458522543002575
1.5792246337072795,0.14791505971924115,0.03985590564005638,0.025462243546815325
0.9771446803556807,0.1478317710245263,0.26455721241994595,0.7278333921267212
1.3193125336908236,0.13638548756095134,0.13611554730770553,0.16539534990120486
1.4875710884880433,0.12077501000006835,0.23245826281681584,0.18386468726169494
0.9946298881500822,0.04402392260480683,0.28907883859169986,0.8456999022523219
0.919132488599666,0.05152326073974218,0.4132802086745524,0.84784705564402
1.2087411288982466,0.08435601197470682,0.5384586056191125,1.097635857086753
1.1809893737480506,0.08631271931149176,0.020970194047858378,0.047201386601868546
1.0091399776247971,0.07829790880677472,0.17863197341616596,0.7491943980414552
1.2017747558677083,0.09731719058786438,0.11169505789662469,0.22307410066406644
1.0676402566265963,0.11363025281075227,0.34249337299324445,0.9095788769728065
0.7967421807506313,0.05336473933936152,0.5574297813140238,0.8319483371147709
0.9772059828830039,0.052948164557221115,0.23738683613118425,0.7860762378323678
0.9941069825931186,0.02344776447431506,0.04374476700583317,0.5423395359439828
0.7311086930262198,0.03236327045419329,0.9425395632448419,0.9551458997076178
0.7628715005545549,0.12832552744359685,0.12614195876521414,0.27145826330295547
1.2845620733936771,0.06971093909416402,0.14432157300248247,0.2144309939337193
0.9394777542089027,0.038040829050160894,0.16361588997993767,0.6612597545961114
1.5548983918558075,0.11510445950324617,0.9816509935134072,1.346250912627682
0.8435967453586074,0.08532726324344461,0.6253070353665962,0.8927967644149576
0.6989245051048223,0.008067621656377555,0.6180841526697736,0.8022318250917885
1.353504563000258,0.050872411313823696,0.986964237488159,1.264909217864368
1.48103605191787,0.030665204612594452,0.10666999388916168,0.08912338061405041
0.8781133568714878,0.10010156484251188,0.9750108746914433,1.0293956211634154
0.802088101645478,0.04487950089138666,0.21993288362296007,0.5323189481254708
0.7857661348710872,0.014417282985441825,0.6306100734907948,0.8634562666747891
1.1220123013665124,0.012965573433662041,0.43168189399673584,1.021498863944381
1.0684166412467708,0.08935045820401366,0.39627277720763465,0.9512557913055416
0.8594398398545342,0.008149901077092995,0.9326184619098733,1.0132967017901064
0.6451731169894264,0.12807485640473285,0.1662431738714513,0.2725246667168626
1.0814913403262807,0.027532582292304965,0.9971276308547187,1.1370108121513474
1.2525192007526633,0.06947976406155812,0.6557994058107833,1.1543122011496476
1.0955065566286184,0.06921347057862587,0.968548596853693,1.1356097901231788
0.7106920740296161,0.01541058564220665,0.07644902937139529,0.1542074803825679
0.8524362905495872,0.12139907628077126,0.9244070756666868,1.0007497439267
0.8947739495745427,0.13449261028922163,0.5764551576472564,0.8938384473969391
1.3648035526072344,0.006597416770713127,0.7103089413979032,1.2318227072498287
0.6718221405028844,0.10069800541438155,0.2592366935838651,0.4408491084140252
0.7377935359278052,0.1100984392257966,0.8573049351736286,0.9247486115771659
0.9044665264760329,0.09191688724409061,0.05378157297610753,0.21729710288606516
1.1528982540644614,0.14320651508731624,0.7146848368719961,1.093392930048727
0.6969778887054793,0.07663922253095767,0.9994022357842363,0.9571124407262577
1.4457969578021426,0.04853942726066637,0.027333336184631282,0.02486373543653177
1.142364402302205,0.05715161258165858,0.6806614148752718,1.0986614975349036
0.7653113233672911,0.03754030443782951,0.07879101789364129,0.18802830973755202
0.8532554744001973,0.01166467115432031,0.5979941841787417,0.8929771796907388
0.760312024982258,0.056070811566943,0.690320101489835,0.8734595533924532
1.1842278600612182,0.007673481416903102,0.37788100896064586,1.05065798120522
1.3351294275196333,0.06868088441486053,0.7033366500669062,1.2088655407983542
0.8960328629100257,0.09838136321023092,0.6024085394535441,0.9146648467950533
0.9712526370882771,0.09350859583027454,0.22348442865204132,0.7381537138086582
1.0048549644265337,0.1176140232038638,0.5718728327134076,0.968819422065632
1.3600149717440349,0.12252535877067064,0.884269072796149,1.2404537663898616
1.3723529876745681,0.10819734403331123,0.673496619976641,1.212882625607777
0.8068135275140317,0.019905665940988665,0.48235567724597017,0.7985420359371656
0.7206553374436864,0.09249386383570325,0.1041684852488214,0.20836358270279462
0.7003956456498093,0.011170013558782594,0.03096301802513935,0.06074816851735917
0.8645398111513111,0.0374205965270268,0.9868933991744652,1.0299857622768844
0.7794920723460874,0.06501989626291713,0.8185784238316652,0.9348447993109931
1.0135679313099697,0.030616712292438435,0.18527198416887902,0.796465167433463
1.049859299944126,0.12454025368910646,0.29792912661346244,0.8543148252201224
0.8452589730232096,0.13922456696682506,0.42991177284379944,0.7705410460316351
1.4513346494022037,0.13978807275724714,0.8023837965046638,1.263853541103064
1.4745751398555718,0.00758983908040122,0.9585395398551146,1.3204314648005366
0.9393221457365609,0.13911955854250707,0.8777885939778315,1.0272273568147963
1.1308503942878145,0.14302967456173163,0.1705063096088014,0.4101270382165199
0.8484064038656515,0.006747520137309154,0.7811549028223045,0.9608408071864718
0.8447965015501454,0.11563779803262847,0.1649879750386172,0.44857051168352774
0.7612540628519241,0.14567922802262728,0.9151134844308594,0.9524556015090855
1.4879888286055798,0.1457529733734509,0.34965346629557265,0.2718812829877984
1.377358713327692,0.0847969083261577,0.17388498738750893,0.18772429909582192
1.090607915511872,0.12821943368173022,0.26298805182766705,0.8481060197415142
1.1297456661824978,0.09400509709230667,0.9157396620156857,1.1389649962808555
1.1365680135770893,0.0941368279073019,0.8013169484267829,1.1178549723733706
1.0345630846976903,0.0655017734295095,0.9703978335957051,1.1064758492658662
0.7317548328920674,0.08791708659556083,0.11874629069894559,0.24524024554642232
0.725663852868536,0.027269067967486606,0.600335168635556,0.8089494826258602
1.5522497158456834,0.1122666538520918,0.2720074645501611,0.1874384431788812
1.0820307595863505,0.015877509565973637,0.5520828716569592,1.030690457612103
1.5532055249051888,0.11081821122134984,0.334045787852186,0.23004445698857914
0.76357687771011,0.12810187128060382,0.29779623923849036,0.571043670161615
1.1544165520399337,0.07350795824685079,0.5823683959841055,1.0784184391231875
0.8077172533515392,0.07892540307827216,0.1996517986321495,0.49288485236443086
0.8531846061266015,0.050271069573701345,0.47975076823267454,0.8313678285167371
0.6300545787611788,0.1455714946402102,0.657796019743154,0.775091758915388
0.7189533107402113,0.11130304881113406,0.14561843171914796,0.2839752752195349
1.5168484076291957,0.05850334022855001,0.931982385459366,1.3335805714478048
0.9215329914823317,0.030347071003785735,0.5156102054650423,0.9037734394736898
1.2081292119145917,0.03683904086930324,0.8231374124466554,1.1670149187325514
1.065014131989273,0.07226873148595725,0.660827322008642,1.0456552881359698
1.0004512452452783,0.14167241804557898,0.7158009223980947,1.010023252135557
1.1318860913460682,0.11145122013533312,0.7218083221729813,1.0928650776921924
0.7872389446153415,0.03621034348597672,0.8775978991202432,0.9604068568265123
1.3416146327315153,0.1284997164991152,0.11751945000814802,0.13494268623193093
1.0687592970139526,0.04004644170726398,0.6141256070611386,1.0386256259776183
0.752877122126336,0.09470578873076606,0.08502574769516943,0.1861504722734723
1.520665858273568,0.13936722077178587,0.2564675826557396,0.18605368887924112
0.9413870673817276,0.04239463132643015,0.07949304090987348,0.4772197790831084
0.6501066896969337,0.10547435563494896,0.5579098372264357,0.7285288862373817
0.9424036768106286,0.14816032989378586,0.17713136244401065,0.5445333118524746
1.3944570304958843,0.026836751650235507,0.6181991730448038,1.2321599147750917
1.2227087449882081,0.01781833215159779,0.7950478282460023,1.1704286753943545
1.3508385847448596,0.10275830290449835,0.8254431063564251,1.2309891083440578
0.8119546110805426,0.015330449218155712,0.5579754420406061,0.8452104040017515
1.0379896029203726,0.11429674854837357,0.4834294385110833,0.9566920261271128
1.2390136492641646,0.04634274806020237,0.6620116135962696,1.1514162359267985
0.602308772586742,0.05358179723824453,0.22588538134706287,0.3477416972638945
0.8808963859641551,0.08041042727791577,0.11611823054911379,0.41367830054114846
