alpha,beta,omega
1.4554425309821815,0.013772225278716733,1.2106905880286751
0.9046800706458055,0.25005124675103213,1.0450925823624813
0.5614602859042921,0.1539105599989677,0.8227351979242883
0.5247914532927936,0.13641623901306082,0.7918987514528542
1.7199053588004087,0.18452046753457085,1.3631932032735994
1.8691333659165825,0.2565081792339211,1.4357975136982315
1.4099536636507697,0.09446561019907242,1.2168824393917739
1.5942448414759975,0.08757992199753105,1.288382622893582
1.3154374871981342,0.0243533202365269,1.1548603713763537
1.9026086356816523,0.08725573718265434,1.4028722103486986
1.7237803311822981,0.02920143597938124,1.3212423729834106
0.5041077502552221,0.022051961280427322,0.721558536236349
1.786106414881354,0.17029186304100646,1.3834107532335105
0.5503783629581965,0.06331211734703082,0.773215656184269
1.5944831696449162,0.031534739398972195,1.2720590490201882
0.7634834309038385,0.27584727500986866,0.9850730364603631
1.7947683835248298,0.05313282881648076,1.354480714199058
1.3121918303736375,0.03750092930995067,1.1577208330837363
0.9495678358060772,0.29149663691488875,1.080828531031747
1.1340308317964878,0.20342041953147447,1.134282216401674
0.5424795067181944,0.22046867208425103,0.8413269345393518
0.686424914749346,0.1733291587878567,0.9035606143697492
1.5059366220404455,0.03041301709485198,1.2364248399565516
1.4707842673613751,0.25414439971963787,1.2889501802440246
1.4230776672218808,0.13122841121952475,1.2334905656860633
1.075516331392825,0.12381566906909039,1.0809153913210057
1.9958149036838164,0.049239680761272886,1.4257435478566163
1.9712530081643451,0.042833766891071344,1.41540747960884
1.528312976721042,0.16145132054398653,1.2842902581305489
1.4756889144017244,0.17493564097504266,1.267631904431648
1.5326700958564101,0.160418807396363,1.285684331942986
1.0833821359686557,0.18780615660672215,1.1064523276778342
0.7026447575336168,0.2645166042953576,0.949227164990096
1.5822325102911226,0.15621940503392062,1.3036092451599761
1.2880314837135889,0.11995282682296186,1.1738807877424395
0.9653628133384335,0.08440608374832403,1.0142324073651348
1.2287530382476837,0.09898552631192817,1.1414868299641612
1.8342317515235003,0.17263404547411992,1.4013234050814574
1.9010652739343745,0.24065797893824556,1.442760811131928
1.0366927950636053,0.13792509868029149,1.0677718010295196
1.3572947460946414,0.021821074919498175,1.1720326583693241
0.9828040866139132,0.06456480608540335,1.0154938164154255
1.3914500452995453,0.03628914769323804,1.1910780436518313
1.0068668382607,0.10666959006863569,1.0425301102664501
1.087428500792242,0.20846923084057337,1.1152490412112768
1.8354115280071885,0.18130727225241222,1.4040626703236923
0.8407363903000695,0.2020170010878898,0.9961170318371164
1.4347807170290636,0.14183258796693315,1.2414327037758686
0.6260230153735773,0.04183635571582103,0.8108022460257761
1.7489662214800967,0.09591422696140943,1.3494079782264345
1.680647461233025,0.15817853888722058,1.3413729404600498
0.8590541644894283,0.15417783987106956,0.9872626521816423
1.8147263462160557,0.0806618024860524,1.369387709189985
0.5878520522077915,0.249337451868389,0.880258564916629
1.0041755908184906,0.13566086743624162,1.0516279006358056
0.7254192003422586,0.25518227629659723,0.9574998211825977
1.1755090499739305,0.08699286279613833,1.1138912411322006
1.6944864054309414,0.2831624799032077,1.3808903886110393
0.8459633134906211,0.042438630456355285,0.9369056976734038
0.5780319515966144,0.23306292224927913,0.8676572729387876
1.1068277597322922,0.015854071372818607,1.057694811021547
0.797769566763883,0.07853299242703819,0.9255643203387659
0.6361295684286828,0.26246045824995606,0.9126745926759163
1.370498578980276,0.11153044994527327,1.2058799345039417
0.9480441992283839,0.28041905298704795,1.0762706392765111
1.507992316934539,0.2795309301806284,1.3105878507639275
0.79927316595232,0.24205584729911653,0.9903610712395037
1.9131696657597468,0.12487058027519654,1.4166236624333732
1.047665252367243,0.25889786599643344,1.1143781458125281
0.6582429193553443,0.14256025770935762,0.8747360245453267
1.4436622273095638,0.04658993657483207,1.2159788977365882
1.8907318296018012,0.25706792698656167,1.4434447598857818
1.160565732073676,0.2467115442823498,1.1599997371919695
1.9318857405361058,0.04931397773116826,1.403164717285352
1.2498437205314705,0.26129268992375276,1.202419742841195
1.1378429372736134,0.16049928540008787,1.121702902431691
1.4303201780230668,0.22564131996853104,1.2647336351973346
1.9926447578529862,0.08777104603190122,1.4347379699362919
1.923415512406648,0.07248383030827839,1.4063350899191334
1.1900677089636442,0.25601071632322664,1.1756171767229604
1.636593267962437,0.1840620014369932,1.332156060317327
1.2461340432314285,0.05283458502650893,1.1339135690171938
1.2939682402951556,0.11610232501299493,1.175178703029842
1.6786785510707112,0.259120387284224,1.368582785780195
1.1219837740335061,0.1458022386971025,1.1096555560426546
1.601725357683094,0.10768733972759408,1.2971086548469213
1.5667143169846247,0.10887662081636895,1.283889318670773
1.8980895299200673,0.24914681864785063,1.4439354708247718
0.6723989499213578,0.14174671798653907,0.8824448925634178
1.593522675614464,0.2850225157930706,1.3443547011333232
1.8911358929368398,0.10053804376145627,1.4023335643697372
1.9518892848869696,0.2293792954590347,1.4573687784775842
0.5220594574480539,0.092854592880299,0.7692206459191525
1.7954601353683637,0.23267325257298718,1.4035544431186502
1.9717925600995163,0.015103413178418415,1.4082329778780676
1.9358152694164454,0.047648084652859246,1.4041194154722347
0.7231460183487468,0.08518450289356339,0.8871495902715164
1.9589432207344324,0.2623266697431164,1.4682262165762365
1.834903333580781,0.10352452914051191,1.38294856391558
1.7335607413146057,0.1502224069482367,1.3587595617053752
1.2199818857117481,0.04104291081297423,1.118375638513947
0.8485593794589558,0.17433670294570391,0.9896018930197302
1.702820868077462,0.03783841484358119,1.315750614368144
1.8852952396752043,0.051064677968705806,1.3869368219755842
0.8991954084384388,0.24228199460541205,1.039666727558643
1.3084016114332804,0.08073398301035728,1.170022264186049
1.1641292434617974,0.027763576216529147,1.0885549713377796
1.8965259739717326,0.18452921526823024,1.4265072328673645
0.560766066782652,0.05248504524599717,0.7746804829845333
1.598009293484841,0.02531684988570186,1.2716119419457799
1.4215598704234949,0.25086017179335646,1.2687415021463246
0.5425480476702815,0.1251830180767065,0.7977689585511656
1.5788296592401105,0.26098777206080387,1.3321300568209222
0.523987594285358,0.2257691257353379,0.8326550537808928
1.636926503534642,0.06827956869708517,1.2992829484209574
1.269138084893117,0.03459527580693794,1.1380178125795397
1.8936563311955092,0.05969360319802229,1.392273871619383
0.5991237450861121,0.1534282476954812,0.845100544821575
1.761975919418575,0.1137469604760536,1.359149049874816
0.6000350131506521,0.2512747925190284,0.887970217709988
1.0164649682061877,0.14607984448553699,1.0611431814653196
1.1454480979217498,0.17087741312870858,1.1285416065738478
1.9490931211761053,0.1223611508926465,1.4285881087092913
1.3433477633426856,0.2289210981258485,1.2308690372810065
0.8882968897563983,0.20979253947299045,1.0225660342301328
0.8625135711415175,0.20887397688181478,1.0095390303514167
1.8321774809887699,0.2337623726366925,1.4168624705546722
0.8388041426259866,0.12559577732796062,0.9659197563058523
0.6868320587529253,0.04453489395953103,0.848665557933497
0.9324961355113663,0.2472006988029939,1.0573063225071586
1.3791845972190993,0.11020152081271128,1.2090639924456574
1.3311357532599017,0.2106111586563728,1.220284443173878
1.7145661638691667,0.29665511371862446,1.3917821306361622
1.3407139280092788,0.21351090327898767,1.2250906519390798
0.9326318216468157,0.27293886202806417,1.0664595483035744
1.1193445140213392,0.013872935104001534,1.0628966155507977
1.7271814564563657,0.18507806625749182,1.3660124472893667
1.4397596936296302,0.038223580734573395,1.2117868538569645
1.9386164640461634,0.2630263429390877,1.4614671468255724
1.0541066166375213,0.28847184837907275,1.1271470635732614
1.3289172657819308,0.01990453748534805,1.1592435761719544
1.3908863024197524,0.04864579160698334,1.1947261803965752
1.77243681241259,0.2515007001933247,1.400379354874094
0.7182103072797976,0.20919706382698885,0.9354721295421041
1.10976550512219,0.2946807552099427,1.1535926800780452
1.8649384424934454,0.2293876665072061,1.4272277997481166
0.5646003328523063,0.18231512161212451,0.8374584610960711
1.7340594202722528,0.166380543574902,1.3633945973024204
1.123076056056837,0.012861534315179498,1.0642942294277562
1.744705977917154,0.2373062642227254,1.386609417278059
0.5149318412109379,0.12136051805822938,0.7784293351066685
1.0475692366374059,0.040929427859379766,1.0383960263463747
0.6179450557484598,0.1685820911626948,0.862775535188893
1.4789218645049576,0.11728919463240746,1.2517542732019185
0.9107736478993358,0.18569880693622143,1.0247183774586566
1.5539781059896796,0.014834916749449712,1.2510412837119993
1.9157021404131362,0.057843072356784875,1.3996729777632793
0.6902256533918716,0.16655096964738492,0.9028504198522644
1.797167443101161,0.18687315070495283,1.3918772597215157
0.5891962274005077,0.03384210618911933,0.7839501304562346
1.0711557624663341,0.1945495838790331,1.1032080267907811
1.144661091767865,0.25395413302646197,1.155476824318736
1.2332743202501963,0.09316725151446006,1.1415558500949665
1.9646934829040668,0.16118592580566113,1.4441547449142396
1.6635367821527425,0.27277458972771285,1.3667910317413292
0.9632860440788915,0.21385830872127237,1.0600376293414522
0.9047551782512002,0.06994947510795536,0.9783748180437631
1.7946803062839767,0.29028287574956607,1.4185881936263784
1.8219607591065348,0.10920176274909028,1.3798050881078647
1.266059758315468,0.24901870784038954,1.2053314022275203
1.016443596443488,0.14123006795981302,1.0594178341963796
1.9923760222413767,0.23903259303901345,1.4736520847949957
0.9739153180515503,0.2770675754979172,1.0870676150428675
0.7740685683898436,0.27178976683436734,0.9888937726144397
1.8201471819561046,0.2433347135897375,1.4151495387938364
1.7185030971668809,0.10366197596103006,1.3402423583582386
1.5018341083570268,0.2746626026945019,1.3068401051306557
1.9376204476669279,0.05446853448670333,1.4065816181551483
1.8885718658216282,0.0854565432205768,1.397377641597668
1.622372754952631,0.1974424349807565,1.330584300669521
1.7910521143215166,0.22697252487016525,1.4004576066322538
0.8707201104831612,0.024597522126707037,0.9429571846474216
0.7118698353515474,0.0879706098864351,0.8819567975623146
1.5050927739724038,0.11701963196133433,1.26208458430622
1.571927804982129,0.2557014920646667,1.3280451513524036
0.7505793931734083,0.010556033683053334,0.870916998591541
1.093335909657314,0.2680987182411942,1.1377213843196452
1.865383649324082,0.10707186195580536,1.3948790434266822
1.3421011513253345,0.1888063305854244,1.2180746690020292
1.367503872389409,0.28137062829622095,1.25639637201465
0.7911946593361904,0.02786357802024391,0.9011616629947
1.2890333729268129,0.1681235017960798,1.1895906856031921
1.28515209109238,0.0744430726944213,1.1580088063625404
0.633403460369408,0.21365177094379015,0.8908660329012722
1.9729140396900593,0.24716731561046185,1.4691118154850928
1.3570934006836617,0.08141233873695268,1.1908621476629342
0.5096133239964653,0.25936942566813886,0.8391307366838432
1.6589738018380829,0.061449906454120906,1.3057799323311234
1.9673985707602186,0.1492209580571278,1.4419827631782096
1.3848050424814258,0.04807195724764795,1.1919979070523412
0.9795224544239975,0.09917984509294833,1.0265998919947872
0.7812615735916774,0.1184967975019692,0.9328098261265017
1.508789950875304,0.21162740536177047,1.2913212245203096
0.7926610976852075,0.10188653456833978,0.9322424569882356
1.3665318387767889,0.16360004429303088,1.2203408835225353
1.4033587645694388,0.19888286180695156,1.2460019706744658
1.9436346396865716,0.23786324347228707,1.4567196272072354
0.6083978982948152,0.09512614447263794,0.8244649820636978
1.2499592354879279,0.026341337327528754,1.1268164173828736
1.6161462189239724,0.07874510229352016,1.2942971241736236
0.7658401107119882,0.1683246233701196,0.9445017619039034
1.0821000976767787,0.2645264047516402,1.1315895462757284
0.594343247682457,0.200688011986067,0.863052290809779
1.5888212956636651,0.18611085503590008,1.314687961814738
0.6316518301392302,0.0192140032698336,0.8037800274898633
1.0926375625369513,0.15443067756684434,1.099300036710672
1.8102839466810983,0.10596152143841961,1.3746836318804094
1.2084505051250172,0.11075076372842524,1.1364477893512468
1.8689329004613284,0.2882225331955257,1.4439874654435103
1.6488756766083086,0.057405547441265324,1.3007420332984005
1.8729859401676487,0.035626638149966916,1.3782981966106334
0.6911045135733596,0.09847585659613455,0.8746207212389039
0.610344357995948,0.1963825192633297,0.870420155696917
0.605489380353827,0.08818648958712381,0.8195298942345971
1.803281441520979,0.21468804952178916,1.4015339734242338
1.4511049690211648,0.21157664217096817,1.268773995102907
1.2448575406982796,0.13707628205806838,1.1608896382696465
0.7453151242947205,0.252062794914015,0.9666241360943931
1.5106001565909106,0.10389722721463641,1.2603662471686108
0.9770260817686971,0.19072620013546643,1.0583339415658448
1.5663197948989174,0.16660666199928367,1.3004902119579294
1.1905329933009872,0.030791295574649387,1.1016471599300632
1.2612047908167907,0.11069547303076037,1.1594077779581526
1.6844985986898056,0.1733101802203888,1.3470268125969493
0.6391182132850711,0.29305665897391914,0.9267743563109148
1.3681377549852538,0.23725897759300393,1.2434154527670978
0.7958524209438028,0.14946302887210944,0.9528639423327366
1.7122051277203523,0.06697643704528355,1.327568248906366
1.2332690541938898,0.08828911633159016,1.1399499512884688
1.9830430000517296,0.022302966356431527,1.4141323222453595
0.7744149870135781,0.1786584355123303,0.9531048282575353
1.9445287101864008,0.1330267657916099,1.429789769347266
1.7013755549129135,0.20097739671239478,1.3609219678024194
1.2218907448629028,0.16412413460396166,1.1597343858900941
1.7203010962694532,0.13086740007468653,1.3484997761681194
1.4042733578616744,0.11208753273757341,1.2199750027827843
1.4826815959870703,0.021780451491062405,1.2243434708468728
1.8705361440610835,0.29506045046786616,1.4463165220351952
0.5979056246169371,0.031807213661045906,0.7885182527137349
1.752482305937601,0.017385166049890252,1.3287291599400604
1.0727221699493583,0.07243784622175625,1.0616263724190707
0.9883184241510566,0.04949401153355861,1.0126395868230837
1.9910401568149765,0.2403855227654457,1.4735431106313315
1.6717857531145672,0.053972602693589805,1.3085355192484305
1.2283027081693816,0.10858551942171313,1.1444395343292133
1.1339425946371717,0.013842030485219026,1.0697308621803365
1.8162933588076942,0.28015503543485054,1.4235201562969988
0.6302223083223413,0.10310171442370682,0.8411590777850058
1.5626281353707991,0.2544347396841451,1.3241805730843161
1.683731935557719,0.2889611039903666,1.3785691000274503
1.6987945695741722,0.22096108603721445,1.3654725863605182
0.9834300871097477,0.08561513773357557,1.0235435703524933
1.694958774119082,0.1527221876736019,1.3451767225440243
0.8379926628134977,0.2369690623144881,1.0078290825082217
1.0434619257268536,0.2126073855447638,1.0967759410588045
1.1261721683065697,0.24999579248693268,1.1461540091417772
1.3121149754452468,0.16792653038932215,1.1991913413785302
0.6689204983108358,0.20067575549342856,0.9052222461533451
1.1104217009589592,0.11532690497523725,1.0940369644990917
0.5004510351603844,0.06550782330165847,0.7413379139344137
1.6165710895210985,0.21219967707443682,1.3325617611679115
1.7778138683513856,0.010835878905602685,1.3363909523528612
0.7083975186802963,0.23732547297682455,0.9414837350761376
1.5556786539001968,0.012097633915440158,1.2509004274268904
1.7316546325919582,0.18887226698316775,1.3686887275159878
1.9727424843076906,0.18243801669159526,1.452436228144419
1.76568584355309,0.04059860203164059,1.3401995355456666
1.1361597281660192,0.18173866462199695,1.1280353392658038
1.9695330627644847,0.22977564834927086,1.4635111202264361
1.9609766072785328,0.16543766788284012,1.4439719035322893
1.2555154688008685,0.2051005596785641,1.1871566402795344
1.6301698078758577,0.21551479668459508,1.3385835444189893
1.8707565015097443,0.06971386589178695,1.38673786309042
1.2142206079531297,0.27871878685986,1.19300448368731
1.7956793616456275,0.10498702022195448,1.369094455036647
1.5523528490928091,0.17927356726697857,1.2987717368895286
0.9408863839618364,0.039923037611288306,0.9853063798485742
1.6514784049752103,0.2989574549413476,1.369560694595614
1.3560271787892486,0.1997009214772906,1.2271115963502328
0.6407677301499594,0.1439178337057734,0.865278050934663
1.0870706394569962,0.17417472642443244,1.103495212620028
0.6106115200967088,0.017884613464875906,0.7899525176840477
1.2142504448254934,0.07962309735844009,1.1287018064326484
1.1428094122143857,0.2926598264092996,1.1671779136110143
1.135606164455671,0.03349914080844495,1.0773720434752354
1.3794505303861766,0.051093259273251215,1.1907016733175086
0.6840359902641102,0.17619240573863879,0.9034269724599157
1.900653364935264,0.23445191634892487,1.4410039216452388
1.5260756721125495,0.2573332164824242,1.3111352273790708
1.7356720375891574,0.25975620202424327,1.3894204508021823
1.8452018483956398,0.23046442535741327,1.420580926034733
1.374980070385214,0.11082074336654911,1.2075163054427571
0.560327331356901,0.17865853463244247,0.8332594027859709
1.567230236176637,0.2458057043477892,1.3234744101936686
1.3535387813950372,0.05026529403919656,1.1795074191900765
1.7389358332555989,0.03361196621485317,1.3282111307758036
1.298240710211516,0.14298970679505432,1.185530678771244
1.7198661430462887,0.09999869756428124,1.3397257802324696
1.9955154396087376,0.011083071707650853,1.4155662271294394
1.0258322170518321,0.15989042012988075,1.070397137584571
0.7565321600310111,0.11816355516240501,0.9193230261463131
1.0875121991808543,0.2661090178591761,1.1345016362153193
1.6295749847985146,0.10691104745268258,1.3075772521683093
1.1588433977874597,0.20217460843862317,1.144759518028318
1.3825701641438222,0.174742730324214,1.2302955790731684
0.6910377078825065,0.09690331694006625,0.8739080017871196
1.5891852664009705,0.1456074963635399,1.303223268927326
0.9201236027997493,0.11662138862779331,1.0037876489928506
0.7859263406060273,0.07889995449262796,0.9192939173493417
1.794424997874792,0.03555553599369746,1.3494782880321066
1.3466192316808911,0.025115184485726277,1.1685271156653516
1.2267484135193756,0.0745839054705192,1.1325574345799267
1.8482356478727269,0.03416259268330064,1.3688891819227744
0.6290186540915039,0.053683061112505585,0.8180959295375348
1.5442316755113392,0.046226766792536386,1.256543572903758
0.9919734346469038,0.11825667526808292,1.039550836225899
0.7631146249776216,0.07907041679258887,0.906872338078554
1.5121979749509182,0.011278571233508495,1.233149181314268
1.0442329262944041,0.01954451413860757,1.0290244466961704
0.9948437487409038,0.29711554845298116,1.1034855731184887
1.9155166478437817,0.08109190022808561,1.4058220275037825
0.7989475110192292,0.021840004403930274,0.9029548794497857
1.2682604867566025,0.19154283904435282,1.1882413963668608
0.5360198010070238,0.16997590374324825,0.8145561544881114
0.7450521367054342,0.12276694057287664,0.9149466334902226
1.825128100450343,0.22266623176590455,1.4114275660744235
1.6838713223790145,0.2817250414510064,1.3766499567672492
1.3352532350809854,0.12494302319450154,1.195391359545844
0.8336800939870403,0.11884448980546629,0.9606318032113761
1.3366213739319597,0.15911317088826757,1.2066301223233906
0.5182197891704188,0.07799806892014569,0.7594197395778755
1.569490446406881,0.06045243414373156,1.2707595256438882
1.5751260208455922,0.12271749467345838,1.2911871056708575
1.4690675353495322,0.20633551795237037,1.2742916360919152
1.4170080264128018,0.014283301426640537,1.1948725883887295
0.6105746489368062,0.050134621826081846,0.805093544444599
0.8696089535764633,0.24435135519746917,1.0260957411346006
1.3615670721468978,0.10632213457553213,1.2005451566178371
1.0912801490433464,0.17215521512550117,1.1047156015859794
1.9880348428721675,0.026093168786837873,1.4168996857443
1.885618036062772,0.1697243179097204,1.4187710437188454
0.7280118537838056,0.01804404707407243,0.8611300070775376
1.384940888974296,0.07010494650131531,1.198966054085887
1.5443226591551849,0.13989007157629493,1.284227477060589
0.7048151214513292,0.16190556743572385,0.9089798111224044
0.9688934706517569,0.04633943295395236,1.00182236218165
1.5738767703882415,0.143120642388925,1.2966176198787116
1.851662140134255,0.23634021544432468,1.4244006815912083
1.012613975309203,0.21467835050436612,1.0833386996629806
0.8584155675369209,0.11703309681600305,0.9727231826932693
1.7326880040953219,0.1538819575750242,1.359448223462957
1.3774740203385174,0.2417108098512249,1.2485019534333681
1.2148826325586557,0.08632105814717074,1.1312044139628494
0.8842250321418386,0.050663938731376285,0.9603244171582699
0.6089875229724815,0.2910120944817704,0.9095309746423204
0.526837131345463,0.2631721310391071,0.8510089480286287
1.3699552708461422,0.26351447576409326,1.252034794911552
0.7866654101901123,0.14837995583253402,0.9476024361854041
1.9632994676402307,0.020252105574653567,1.4065875539123829
0.661215842579221,0.2254594173992102,0.9112136992103601
1.1781331824906627,0.23914577896003752,1.1651148083818568
1.0919896956064399,0.2898879286974654,1.1442926383270753
0.8484672129282964,0.020376362215025777,0.9293812374852237
1.6231335875059025,0.24571538090613385,1.3444032591397206
1.4655571431204655,0.10767145529469523,1.2435074324633073
1.5886365275778047,0.20331101699086937,1.3195149829846406
0.6242128638447421,0.2711624858562893,0.9097168395918365
1.0291151235446077,0.08296925035719954,1.0446731839731063
1.2797496115013476,0.2980941836786551,1.2260996082131088
1.1400817155953615,0.020976120509733347,1.0750878131472152
0.5609263428091178,0.043267519861521074,0.7703096667608804
0.7910411823511898,0.14939654492453208,0.9503097342680379
1.9175369724569398,0.21849573679751846,1.44270883238964
0.7438545871299773,0.2786832403673727,0.976149075400631
1.778078498694163,0.25570871978952253,1.4035170246692075
1.7332057385966602,0.29144886906137973,1.3970656356781148
1.086940635617162,0.13799400543315926,1.0910710974505884
1.2001752797663952,0.12783146368358295,1.1384414247246462
1.7360027114748788,0.1809405267653923,1.368103836172139
1.5210294883553188,0.21066520333330765,1.2957732791099297
1.7554156046436065,0.2718355350005995,1.3997472114257117
1.6363948787481857,0.18168679347287203,1.331412773655428
1.536907219160907,0.27273070537880484,1.3196420909454998
1.8694611590103172,0.13054672609569146,1.4026301021944758
1.7342106996418831,0.23369394616388098,1.3818397733691101
0.7685940313744899,0.2994395624525733,0.9965810068498796
1.6223364126218673,0.0328432143711731,1.2833428315926525
0.6300219846718143,0.2151007707137035,0.8895771819842795
1.1387843604410324,0.27191635907594386,1.158758658974331
1.0951278307301378,0.2694023622605741,1.1389379273804032
0.803252140963227,0.26309999124685945,1.000288525575682
1.906857662953984,0.090836675437672,1.4053416558019753
0.6421650175417505,0.1278272624008783,0.8590899046912431
0.5073491224828635,0.15734804189087284,0.790797163564095
0.9843812054959675,0.29120511564876855,1.0967155703428961
1.986117077361833,0.08701314550305234,1.4322628726910163
0.8970426925826598,0.20154386924404485,1.023816680131601
1.7460413982765965,0.23033595102223747,1.385205169476087
0.7596704555306981,0.05253958725377434,0.8939100323696053
1.3795675321975667,0.2623997009911244,1.25553467014691
1.937614002769088,0.1565164166205138,1.4335275774237737
1.5747698518487105,0.2873258041817425,1.3380075504215279
1.9707619627677295,0.26801043561595467,1.473692569527205
1.3618349736335595,0.2847573018408139,1.2551505686626485
1.975002059830132,0.06301720406825798,1.4220636282815637
1.7555705475800059,0.25204822942204347,1.3944915631320751
1.6673723391528923,0.26021761095368784,1.3647474298814994
1.8327348303672504,0.2847107108706421,1.4304781940037505
1.447237275892425,0.19836864198536505,1.2633343806694444
1.034546819564857,0.11687429821902749,1.0593406171903008
1.2924236600854895,0.18019870512754171,1.1948107335185543
0.8397505935235454,0.05578580776022315,0.9389302153747704
1.666316185822558,0.29889399091812796,1.3749497005385884
0.7551177524222997,0.2194437969048283,0.9590102189762739
1.3657969234798861,0.10847144578073352,1.2029756887881966
1.3038483943686714,0.2764736677079666,1.2293102314508109
1.5078542052165358,0.21659335368418617,1.2924005650260586
1.640729897997875,0.10660611774837936,1.3117486368619407
0.6647418290958633,0.27952150658291,0.935084466255881
1.4374114425019753,0.10405914330070457,1.2310385046689254
1.120933823697789,0.10278869680058302,1.0945434419419935
1.4213021535019306,0.018620161807871384,1.1980264082472616
1.540976814719743,0.21326334693132276,1.3041948952968014
1.378219378640933,0.04132045731555322,1.187101394838536
1.5993291152880729,0.024114951525240277,1.2717764461303736
1.2800378858069719,0.20025964932190954,1.195923334833134
1.1943017136939076,0.29082300999829236,1.1884523428361051
0.9301532981728028,0.028611124241300967,0.9755058387081947
0.8437275049950599,0.2303555624712335,1.0082133587929119
1.5429531591377277,0.07631154269352612,1.2649849074822483
1.5435670292186865,0.25975758415367667,1.3184783719629019
0.7932237694648945,0.013521842858923612,0.8963063938236117
1.9577561249166682,0.06630328281943906,1.4168569395077426
1.506726170434094,0.29279212860353904,1.3138950745347773
1.2968241848147395,0.17686323770177,1.1956051242325232
1.7617630273174514,0.048198544379205774,1.34086238503504
1.2297806499547324,0.01136861357640127,1.112792482962135
1.2139173051504901,0.12861934218250595,1.144719097327973
0.8874116001163053,0.13598366801875683,0.9946855538964929
0.7342032220860385,0.16451298496979871,0.926060452029665
1.5674308683213762,0.20743139458730314,1.3126326273035627
1.7661664523585638,0.05465279006871405,1.3443050416144764
1.5166981671439386,0.1023251868194959,1.2623161479037495
1.0532322750439254,0.025365859240597394,1.035498271111243
1.3635831368285782,0.2989861209739241,1.26008838085232
1.345118710510985,0.1329165902973183,1.2020008956876753
1.9048491252114408,0.20676068220567498,1.4352420133432886
1.081511317933534,0.09272633207464338,1.072872810257356
0.7471739780990052,0.05124318432711774,0.8863443836028655
1.8153993399935162,0.06612502067950447,1.3656475041177882
1.8420927453303026,0.014405199587742931,1.3612114622721592
0.572398392502843,0.2096007943281441,0.8541656679175013
0.7973360462592236,0.2970099670829647,1.0099967928520601
1.4544254803991898,0.036564271758161425,1.2173120734708134
1.683267733452257,0.05791959723751765,1.3140424009066052
1.4100387601108255,0.24249207950549273,1.261708294234426
0.7873837941898374,0.1945527993388913,0.9660736999287404
0.6764623628932986,0.2848619452486084,0.9434557868971682
1.2589589510977754,0.11576649900780453,1.1600792323602853
1.723265609988517,0.13413808519147763,1.3505070062321503
0.8256007716081892,0.09305673231351591,0.9462522501126885
0.6126990423091754,0.24327286601984274,0.8917139069365563
1.326567493689957,0.06437973131294723,1.1725409554359572
0.787725722202882,0.1201422572136222,0.9369271130205906
0.6011355807264044,0.20122543086407985,0.8672108474151279
1.6598968970619024,0.2748814000461393,1.3660373154114447
1.7318399091168837,0.24572058871315325,1.3842436023517495
1.097503326647353,0.03463915860314145,1.0599446662914573
0.9411145402524266,0.2605830533994015,1.066091848905139
0.9156813341554366,0.2394844430548642,1.0465632644262768
1.0414571387425262,0.14651296656643142,1.0730059942364487
1.3653614646743932,0.17059521174208722,1.2220097681610236
1.2917301171687159,0.13853183892217563,1.1813674264852352
1.0330237717590445,0.026084075211559365,1.025956543021055
1.4561314688572722,0.10288175781783793,1.2382620026555973
1.51365116292119,0.2747945123027174,1.311391263943842
1.3374184219625516,0.18360510353802018,1.2145461084767704
1.080942372577811,0.03847274873114922,1.0534690000783948
1.4358541729087015,0.16991786280938898,1.2503169878137876
1.3878541748211657,0.18934503001854242,1.2368762861883449
1.0104857860709995,0.24525920266451814,1.0928998984670957
0.9548015189963679,0.1786598710725058,1.0434540825071064
1.31862331852893,0.06838970097096189,1.1704339341702084
1.4185126085027762,0.2912792471537347,1.2794420830456052
1.4161976583827132,0.09591681787375976,1.219891500006469
1.0742570133467824,0.22035554065416682,1.1133389730164875
1.3486608608243829,0.20944037958544376,1.2270864458193098
1.9786544527946286,0.27775025699249484,1.4788397971176592
1.1420367785659276,0.23185778435828827,1.1471399726426779
1.7645220718849859,0.12243443863105723,1.36247858730267
0.6219855369604355,0.023925052791192076,0.7999558278766581
1.8128423805529579,0.20033796398261272,1.401105225720009
1.9125592332948296,0.01344674860846367,1.386594495427981
0.8927960237809058,0.025196844212906223,0.9548265061992076
0.5181521235082891,0.016716759534213626,0.7284845181326431
1.224512620150699,0.1762078399444328,1.1647611343571795
0.7740683864934169,0.23835832832338702,0.9761337678494465
1.9574468814279018,0.030373097158043337,1.4072052815053084
1.8465476526763225,0.10259598246543568,1.3869010921927343
1.9409973288954074,0.11996205643839218,1.425120651462255
1.405804486611129,0.2708351009366966,1.2684363651021882
1.272740550353963,0.19743746294630166,1.1919809761752447
1.7490767740703463,0.12737778943789646,1.3581642449088287
1.4785234485335317,0.2773825400395975,1.2986763852335308
0.8728365145508676,0.20926805034387985,1.0147844856464734
1.9014290573867934,0.20495147597003624,1.433576877730776
1.159549174948297,0.21650705032147943,1.1497519135402239
1.6603343424639485,0.1671300874587858,1.3362940948975408
1.2514069354827302,0.14557457438757976,1.1664423973233375
0.7750343646576914,0.292022570749654,0.9970212097643318
0.9438902705141199,0.17582983437588187,1.0371897831621903
1.3616161532042257,0.12779731194300775,1.2072547938034794
0.7145031263964208,0.03713704885448887,0.8616007851884117
0.5206067879247178,0.06575521057218281,0.7549325770251638
1.150836836524897,0.2951539796088581,1.1714103982940993
1.6432957577888294,0.28889432735242737,1.3638058891584057
1.421235910614332,0.010863079701290987,1.1955681579861102
0.986219563711064,0.032560594881584436,1.0053059284975159
1.57586140894324,0.206878234744172,1.315682364783145
1.22677194966481,0.07322481872207016,1.132117734030504
1.9992520283855404,0.20245937539080477,1.466661706027891
1.6640474786671708,0.07084837943618301,1.310413584806075
1.7459471619076385,0.1250843689406249,1.3563776902519102
0.8893233592081672,0.10450699653445973,0.9837192722565783
0.7284424442732209,0.08148025823537794,0.8885677452787459
0.7989558636605001,0.2347831827913629,0.9874427835343282
1.1483974465193991,0.09810600989194904,1.1054306644644705
1.2682236794313506,0.27524999417440416,1.2143562801180523
0.7919140215983518,0.06472903449413597,0.9167664901538198
1.6699171564828723,0.26953147156244833,1.3682345413541892
1.8026467316258445,0.05451168034005882,1.3577667295529408
0.9740074786403612,0.09582391270700857,1.0226805039554716
1.262096295134435,0.29527385306586057,1.218011364862344
1.3915619037691382,0.02372220271295284,1.1871619753866163
1.5835672608966855,0.25310540217422284,1.3316892702606538
0.7212086816980345,0.05746818450204351,0.8742481455940111
0.9213065921047346,0.16053776656925847,1.0206419142048198
1.5960589937876042,0.2878779941778985,1.3460934177912869
1.35228847143894,0.04448966974739257,1.1771387869531291
1.8499186901584226,0.11930201842200763,1.3926217016745532
1.171787542983115,0.15737218967011635,1.1357009664677151
1.1099192675507719,0.19914742895244864,1.122176385095101
0.9597608262960533,0.10750904956636612,1.0199963791459399
0.8470588589821183,0.0821365625692281,0.9532372637014561
1.4761495021450974,0.2732678895582143,1.2965725661580836
0.8970290027340433,0.01233975129536681,0.951989399208609
1.793413280964571,0.29455471888151563,1.4192707000870932
0.9059725934781624,0.05329815202016114,0.9725976596174203
1.5100394468377216,0.07699874838192597,1.2521136163001207
1.352276212852598,0.2221730582093521,1.232439047786791
1.4426881968183625,0.22838774660650732,1.2704247347927553
1.8431251634477572,0.1587755419831555,1.400787928251498
0.7549826772041192,0.01624877343903345,0.875881988217245
0.7247233188131932,0.0745714941130367,0.8835450975462265
0.6828533320029594,0.07031604016056409,0.8576656470463199
0.6146585313773254,0.2687720142854643,0.9034586554410908
1.301346535405611,0.1430620687644588,1.1868627077210554
0.7485967279284083,0.23255848495557394,0.960737004411243
1.7107518951402347,0.2728083320621632,1.3839646470148206
0.5339157958203202,0.12401379784807287,0.7917866784724121
1.0619104576022864,0.2779264800984529,1.1271004026599079
1.2098059570828532,0.20732018506320857,1.1684588550224007
0.8247924510152367,0.18540938108525723,0.9817583647869671
1.0338593292759357,0.14069757395605534,1.0674186197284443
0.8341871532926782,0.13821233423751583,0.968424702272105
0.9227421595020886,0.10395611816610822,1.0003545612065103
1.8903065910928873,0.09088201923821275,1.3994527878858747
1.125763049464739,0.1506918501835561,1.1130058118008217
1.0787974118910801,0.12822154289431328,1.0839573649649763
1.4167616786512613,0.08607198105834368,1.217093120695791
1.4962127851227582,0.031380557346333035,1.232780679250169
1.490414817391527,0.2922480941188643,1.307517069862063
0.6271384508360208,0.1760921222868398,0.871325164649312
1.372853868552034,0.107430434861551,1.2055814757610526
1.6038853998469635,0.2536892662374986,1.3394597229947183
1.6933525492151742,0.15124382869717534,1.3441671848167012
1.382801377909029,0.25239553894434813,1.2538333350638313
0.6958595873518368,0.05778231716036373,0.8597652733287787
0.6256104858451685,0.05222322861962762,0.8153391363781634
0.9845805396587268,0.07822585289376537,1.0213960687848034
1.891338214198944,0.2594659621146374,1.4442775653540154
1.2089262932502236,0.23173983786617497,1.1758959017063777
1.843210860721472,0.10513184555534737,1.3863836932422362
1.1895124299155373,0.2807252727760186,1.1832397831790271
1.6326771598401906,0.25950271986113793,1.3517781621760443
1.2276907635344605,0.12254335348410979,1.1487376892256747
1.5630533921485756,0.18395859738866513,1.3042324716821285
0.9757689150007693,0.29560151316888056,1.0942897467661066
1.8347978954550557,0.2148266615338098,1.412769581922478
0.8985621031048747,0.06734476557345197,0.9742025853409361
0.5092652431764173,0.18360274915927352,0.804342778326425
1.581748679175263,0.2684628119565619,1.3353260980534623
1.5149066948668692,0.16437493120266483,1.2799171431264087
1.4853521748885157,0.1455388943936902,1.2627376392916239
1.5311225034699898,0.22616425725859668,1.3041264112094109
1.3793963165277248,0.14167282610526674,1.218872813753213
0.6729184296177717,0.19361163371491802,0.9045038169648374
1.503805583570077,0.01203777593378062,1.22997313609705
0.5098977856710571,0.23121518457221524,0.82662517146541
0.774264318432051,0.2886985000570928,0.9953834404262865
1.1313176077930223,0.25511433061166094,1.150066674480992
1.067554070612982,0.24684630299336854,1.1192358097639694
0.6784477436217764,0.14734042316384044,0.8882302972735487
1.140436406059831,0.22325425981619884,1.1436245454352492
1.4354258654350136,0.15185613999917488,1.2447160199958842
1.066195147298651,0.04292730991389659,1.0480413301650244
1.5627492249300636,0.01972523379525834,1.2560028464444288
0.8463831430674156,0.11097683330570737,0.9641658405309204
0.7157379084063852,0.2526228327411228,0.9514226363515991
1.6233497667327297,0.14634785152636173,1.3164766064679998
1.5030921946430822,0.04219686883218839,1.2388461753854767
1.1440560399421438,0.019731036830722196,1.0765009603178186
0.7051509272265696,0.1630789490375487,0.909648360084671
1.4955256089934656,0.08203865260130812,1.2478199383101902
1.6249336248893214,0.19522828355692862,1.3309225512992924
0.7459139798117389,0.09576132892038296,0.9042869989677094
1.5339526053952763,0.13864218760943098,1.2798180519520537
1.033455629572679,0.051003232839365704,1.035233333216335
1.8726779223345247,0.1276882478120814,1.403012511773714
1.627309531412587,0.17490233096970892,1.3260792885947161
0.9105967553500944,0.16383666622987025,1.0165993581654953
1.907039479456706,0.039630177544901654,1.3916760084931343
0.5378491341569518,0.25941175299107433,0.8558083599149154
0.7772360217175973,0.21702479499985874,0.9695383530152334
0.8628544567207025,0.053161079751754305,0.9501185539365696
1.5981201250548265,0.041973268829538786,1.2765579018113438
1.2892520457524324,0.0602756198119432,1.15518775989507
1.1965631118410993,0.12897052595759387,1.1372295310575147
0.8338000081582753,0.08100116927436624,0.9458070020432551
1.634700665539417,0.07630880979557701,1.3007429695701223
0.6756596120773893,0.19201796420627504,0.9053579873354493
0.8710118306072838,0.04462864786302156,0.9510432779345795
1.7095404793624642,0.0717729447960225,1.3279194960386271
1.176571196699138,0.27519032510210534,1.1759948726613212
1.8152266048994135,0.04413243037235092,1.3595315103662278
1.402496156348384,0.07460428482591211,1.2076627716245203
1.684316970437573,0.2734636302137569,1.374559817940962
0.7811049093936816,0.23650837438409336,0.9790230794939165
0.9743328015147001,0.13999788560624424,1.0389086657254252
1.065059077701024,0.29116873698007595,1.1328881809058124
1.241298808823052,0.10480918942784415,1.1488714901562904
1.2087005367162957,0.18217437937107764,1.159884184410066
1.7336992363737078,0.06897652730860386,1.3362004459867391
0.7597857978680639,0.14317640503667056,0.9312186110927803
1.777228871944478,0.08113804905418529,1.3557589788510038
1.8335694412151144,0.21902093042391127,1.4134479612044613
0.6132785533416465,0.06341867602132527,0.8129222351231639
0.5140855544317735,0.2669402585898159,0.8451572329301427
0.9391294592293027,0.2701124961770789,1.068510098858271
1.1011171516423466,0.2328825148707906,1.1295038901196575
1.9556741101227606,0.26692012858852254,1.4682861460097458
0.6071128955802242,0.09769128121341725,0.8248523240497581
1.671957897842452,0.02501906651656307,1.3002777386888826
1.2131374303815932,0.2734111158402931,1.1908802489175025
0.694810287159702,0.17729245863732945,0.9098239561243148
1.0491204630059878,0.02274417478415727,1.032559244834942
1.071352110621366,0.2350221211907442,1.1169685320161997
0.8653587504532188,0.10323936414377702,0.970972849033922
0.9415456362858197,0.286082144715259,1.0752242765220026
1.1298782468038624,0.29553834322839917,1.1625540865805606
1.9433920923721315,0.18476588026606092,1.4429021112229607
1.1882908534723744,0.27327304740700925,1.1803582672339916
1.9252025181684762,0.11354251505957388,1.4178714343914107
0.5457981073753333,0.08964951194905488,0.7829656705993722
0.5991653878598293,0.2217498867716168,0.8749158833502464
0.5417238592959039,0.1720678654654939,0.8190083994654904
1.4989169573935315,0.01716219289091524,1.229548129217282
0.8303490366706927,0.11113140460313208,0.9558753005089323
1.3646302719395726,0.012504500657937338,1.1721811495809962
1.6930492034081368,0.09962481412421423,1.3295742980372693
0.9977208779877556,0.1456299775356124,1.052113758649446
0.8685162390636302,0.11496598124763276,0.9771083486488868
1.5881128807108622,0.16200159870892658,1.3075221144372884
1.2138466899493556,0.01854787721985708,1.1080422364983424
0.7238152190739509,0.2851853882848435,0.9683513103660176
0.631167676204533,0.0712219344289403,0.8273959916667702
1.605751251709131,0.03439580464757015,1.2773206743785246
1.7906185023183872,0.18575686309702868,1.3892214185079204
1.8355431174252694,0.20460365150130286,1.4103176436715406
1.2651335112270554,0.10305469282161099,1.158630454822962
0.7301818495469707,0.2754820834280354,0.9678808873606283
0.838486118417717,0.05481311920930079,0.9378677720364916
1.1802858335314026,0.05988092893617699,1.106885960807858
1.7777860604084204,0.25465384522213574,1.403130943399447
1.4752961282529031,0.1402487613921213,1.2571725018059352
0.9113104354299864,0.17233705819891537,1.0200800111163697
1.633907962335769,0.23265896378272177,1.344768450393156
1.1531602629809152,0.14790013632455323,1.1243155096432362
1.974145917791248,0.26823262831881595,1.4748967384296299
1.143090706227208,0.07493160434462856,1.0951207282695727
1.7557945233553194,0.15196809937020103,1.367395552824043
0.5218124470415291,0.059272741526580124,0.7525071449404744
1.5773318976397523,0.07899941004608413,1.2792894336991592
1.097717664177368,0.18788273530183952,1.1129374266569292
1.2485139619847523,0.1845795472436972,1.1776878289332555
0.7982387005483682,0.120579287596027,0.9426946304320336
1.8942672705904835,0.012654103287758912,1.3797673166357807
0.7994675200717811,0.140013556488208,0.9510403185133305
1.3423800561127153,0.08821919837574137,1.1868211553955892
1.3960184353652045,0.29863112854051255,1.2727889777062766
1.7876651409492674,0.17775354021435516,1.3859943348044514
1.1999998095284148,0.26684691355685347,1.1832730009157038
1.7448369217414232,0.21046317271423037,1.3793782299561987
1.285844846340357,0.03651311432818671,1.145962338860443
1.9345019891339283,0.15230176295493042,1.4313379444946348
1.574911750598403,0.2854148798852589,1.3375249195855556
1.8681578914760228,0.1640955994763717,1.411109347670584
1.9135407984629818,0.05100177884166788,1.3970655434138488
1.703369234477088,0.23111900930393425,1.3699301045874708
0.6835513198932601,0.23562214414837368,0.9275062953988724
0.6866428973515241,0.2230156836940833,0.9240696186554812
1.4243626254455768,0.20160800568300616,1.2552165668552304
0.9068100241429489,0.25675725405190297,1.0485122625329073
1.0777284863394088,0.13479243753487988,1.0857360703645103
0.7607422649354411,0.1086948423357946,0.9177490924469972
1.6432574945905816,0.26972736333271097,1.3585113238726112
1.7817465554683207,0.034869266812330026,1.344581163625896
0.6992069405964323,0.2910424414479986,0.9578563418814072
1.275252405146052,0.06173779248994103,1.149589383003126
1.0925193949963805,0.10695150920501013,1.0829279878644462
1.6850229769712,0.24253953577787513,1.3663556011538893
1.197488450263216,0.04622570539386682,1.1100260038884748
1.5962135737222591,0.11813817399901758,1.2980050863619612
1.3491558148691103,0.1981577802211335,1.2238358345934148
1.9673721710293215,0.1058704844453827,1.4306554562029807
1.1294496139219206,0.25504382160602,1.149231256156234
1.9815063044901091,0.09537688740861919,1.4328429676857732
1.1231578749397024,0.18105016358530335,1.1220274050256884
0.7740029770862131,0.11226148479827278,0.9263903554576319
1.673121590656115,0.041802009800038786,1.3055547089287924
0.9075785035297382,0.09074399328079721,0.9877431338613983
1.348632096252584,0.24668682652108895,1.238405109866477
1.46902261983699,0.10191344634112617,1.2431643916203658
0.7995158872295147,0.1101393129410764,0.9392126340373207
0.5516104035170368,0.2676836276297262,0.8673944455893936
1.9805500153399362,0.27556923429965113,1.4789276321256137
1.7260852146168595,0.17647129953124582,1.3632456452398056
0.6855578824392156,0.04201600509805594,0.8467997911329204
1.7719541451847376,0.08517107265413064,1.3549289463567216
0.8871953026274134,0.23953655824602557,1.032883207972679
0.8709271105824891,0.11997667971253936,0.9802599759078678
1.6589245255747436,0.2791812410189257,1.3668615351742612
1.6360430185356831,0.11996286046695209,1.3137789631006798
1.7689360158980612,0.29623959079274736,1.4110689951212951
0.7049780118299882,0.20011231784059583,0.9246957608913512
1.6213792628376285,0.09083889975497417,1.2998109238092512
1.2047358114098092,0.1686864789143844,1.1537983665249303
0.9888251121910783,0.24209681610687153,1.0818492151271506
1.6014543163233612,0.0819745739094688,1.2895484662297354
1.7677146214373023,0.09561764962302104,1.3562550861303961
0.9836911363447589,0.13076038756502084,1.0400776062479782
0.732217334990693,0.11523176265294452,0.9047879071806836
1.987527077500832,0.28244761855212935,1.4830248788927747
1.8787849838568473,0.19767812156378387,1.4237428050844314
0.934761724724056,0.18105680098564833,1.0346759519111732
1.7216214619994976,0.28455587215319533,1.3910565646710396
0.6345398333245797,0.12656882343728895,0.8540880814661603
1.8688188611804821,0.2089977728807753,1.4232242236699963
1.6619783528975058,0.058879513856189225,1.3061921712709994
0.7952946721407899,0.2518243877816785,0.9920498792787834
0.9435308704965488,0.10516236662550309,1.0111392809428759
1.393332282261499,0.14865052580375898,1.2267111219086253
1.0336364963470894,0.01796255413671953,1.0232831533596305
1.6043507239211818,0.05259419765131182,1.2821062249906072
1.3885443040159904,0.24616686549603317,1.2542605204414332
0.8105429788519845,0.2059760427111375,0.9823568653423956
1.4151642648259635,0.011428739609584019,1.1932040142126372
0.5210886277233677,0.23090834219072368,0.8332285907039019
0.6676217229545663,0.19177541678523083,0.9008070190354255
0.7418117256599774,0.2849160708798496,0.9774961784170129
1.0305165680291208,0.279829278060044,1.1137273124845928
0.5178646075115267,0.13231732472161528,0.7855587826844902
1.8948612854955176,0.042230786646281535,1.3879965329496426
0.859263433208392,0.13166099441405296,0.978779433283583
0.9059578256675852,0.12507687388100075,0.999882733663471
1.0634634885578813,0.15500641675224455,1.086148378962131
1.9111080735926629,0.08228919539426909,1.404572878186947
1.027728993722057,0.10460703144706032,1.0517529497497748
1.146699284306896,0.028567766393936725,1.080798366533901
0.9477609087536725,0.22819853130182147,1.0577853313551093
1.9643675525776905,0.09101079857482249,1.425701810165368
1.0472858373008755,0.20743874399126275,1.0967519752862644
0.6253061314844477,0.0902512074058283,0.8324629343333064
1.486973591358615,0.2539949630701156,1.295171731339594
1.5749073810732144,0.07909128744256895,1.2783684314997539
1.0583615362925283,0.04497499666790347,1.0450324319337922
0.8170777331748311,0.23649190860308347,0.9972194666306629
1.1138771767753672,0.07614617313862244,1.0821214380231703
1.1586023157685457,0.06062386975111423,1.0973013342204052
1.9929497050817915,0.17557700619259037,1.4576119029859196
1.7876529883312808,0.028115452870311232,1.3448938909757953
1.431363347629927,0.1719689598041574,1.249135728206925
0.790876921802382,0.015326056052643866,0.8957518985979683
1.531871782083551,0.13423418823243782,1.2777117919381817
1.6384985034230952,0.13043381078129665,1.3176964223633103
0.6130831080415216,0.034777694812560635,0.7994788171996441
1.0692297750532356,0.033800290531968986,1.04622177044459
0.9902716963187133,0.180242859978836,1.0608740930491423
1.3556469839172,0.01119475017634929,1.1679225344814022
1.4795798275524321,0.2221991176256748,1.2830546230662545
0.7720816825825421,0.11688157818365186,0.9272232019423807
1.2044891541705716,0.0862194541518589,1.1265672393534554
1.9882518298038419,0.28580245901699997,1.4841171362350722
0.5237789588410612,0.016487705630375646,0.7322190506015552
1.0564904177435555,0.19181966787918434,1.095607214586023
1.0014686957844572,0.015181242198214057,1.006406790235995
1.1083745300338241,0.12078075209232333,1.0949703622030447
1.8037905732870223,0.10064213491962891,1.3708654837279783
1.1574575574492107,0.033299178513126526,1.087396864688351
1.8246170022439965,0.23712503916272581,1.415083312606025
1.363309764545358,0.175839177424222,1.222779271828536
1.1369265424019501,0.03242754032534669,1.0776118028520105
0.8784546314866186,0.293379173293625,1.048088265107876
1.7354207829824457,0.0421149708874132,1.3292881595605994
1.4663007770049123,0.15270274527510355,1.257309761340156
0.8183391048232389,0.018847783272146666,0.9124006478939769
0.6951057401826253,0.12768793635926648,0.8893096718534411
0.6881469929797295,0.15255697878239977,0.8958597697555847
1.8636079442739577,0.2583291600174563,1.4343482193271793
1.1050873063940874,0.2064882408610813,1.1224764973218362
1.7304616915414337,0.11216049145525951,1.3470642375673398
1.8430431391396653,0.06344731983765682,1.3750013196422424
0.8394995716914263,0.023113488565398924,0.92565365451419
0.5488585247219164,0.10526862706651857,0.7923446188507911
0.7705041298185242,0.028219594823597025,0.8897577344065192
1.6594680584916592,0.061012677129271164,1.3058436224673353
0.523119764181743,0.19871673266297707,0.8198520071811594
1.3461980900267903,0.06844965041349774,1.1821739837422043
0.7869001483820701,0.11843632969069111,0.9358030752514593
1.6499910235703514,0.012055494538701639,1.2880344112151576
1.2190635446441824,0.27467593581556643,1.193763166003147
1.3236199086151508,0.25384856478628026,1.2304496463508212
0.9401123853504252,0.03743975381332092,0.9839675811277605
1.1848677555472058,0.20852490022729736,1.158128417196331
0.5685689044186975,0.1526181373759026,0.826457807423116
1.7142794706048803,0.24834864021894287,1.3786010847119943
1.861248385064201,0.061835345996254905,1.3811679458202728
1.6289712795775495,0.06223024759630926,1.2944666721375184
1.2434334086717773,0.2866607852660573,1.2076543369778125
1.7656765241660402,0.07039641272372081,1.3485080028345515
0.5057313136987354,0.13614793481893772,0.7796423954691911
1.4989361104823162,0.05849515457296454,1.2420980140117928
1.6510788759733253,0.10424585033634895,1.3150145488646074
0.9899843557884052,0.10582946663104958,1.0340969276434837
1.784857536415967,0.1862348807329899,1.3872756384243579
0.5002850024110153,0.16344761899152038,0.7892215890703038
1.4481803171579561,0.28746527986734444,1.2898756827921303
0.9515359714709233,0.24427108502005782,1.0652414211041394
1.4429418856402285,0.22560008281808314,1.269701519158653
0.8770379893254401,0.09604729463130729,0.9742040136947294
0.8146698051304231,0.09783313971468947,0.9423612152017082
1.4392405802083026,0.1426762798904793,1.2434821229620319
1.2454022309242698,0.09507621071143879,1.14747958106358
0.7809210324635478,0.0638773423993299,0.9104004828991719
1.8292623948684517,0.06703732208844869,1.370963306013253
1.8235799929810397,0.11993837597488988,1.3833053802260031
1.3243526075442262,0.10749975429623444,1.1853174356544336
1.5591440413055886,0.2829190369765077,1.3309144672134154
1.1770801025803042,0.1854576295458609,1.1472459739479148
1.7021650465563019,0.2622489256293939,1.377988294862604
1.7507843694215366,0.03859946668040084,1.334066703516671
1.646239548925801,0.021348289926587632,1.2892830435442568
0.8647232589221776,0.25178197841858246,1.0264305834960854
0.5367326902969747,0.13682435301327014,0.7995942440118784
1.4873796174369662,0.16969410145535577,1.2706888657450663
1.1168865417251421,0.08908736372464603,1.0879807280088314
1.841391267670857,0.135632344793969,1.3939567878045336
1.7897712913200632,0.048482748280918066,1.3513450160972036
1.300628140992857,0.29757299098562173,1.2344261355917872
1.0661662259832687,0.16939871433333858,1.0923439301489586
1.569484311388033,0.03865725584694964,1.2643090022906762
1.5640545432686062,0.25695742371894253,1.3254329900292254
1.5234243397070215,0.1347230866440942,1.274545665988509
1.7636360815105034,0.1942072125229686,1.381771142737729
1.36597787786724,0.055602924918685584,1.1864569404560177
1.274065219760308,0.12472067140332889,1.1694467595033151
1.2753622004111025,0.154416218548096,1.1794805485136983
1.8334709870290196,0.15420325301115118,1.3961101055387368
1.0501267001414423,0.24772926740203222,1.111721030966387
1.7628737897156073,0.15377893742373777,1.3704772864894226
1.257334345637269,0.09772493727083136,1.1535285209262893
0.6280084261539901,0.08764898631857325,0.8329136605272601
1.1734729809688944,0.09923353839511213,1.117093610565036
0.9367945964688096,0.1469769344601507,1.023243518090353
1.2918275669957604,0.0866454818998506,1.1648225952567406
1.7799647830030918,0.018974482039272357,1.3394758842668821
0.7691832908306859,0.06777848011550662,0.905547983774088
1.2128369364380354,0.17766516863987764,1.1602093832226765
1.3737533776027866,0.08845471236022985,1.2000393376356289
1.6547304672512286,0.10623052974306926,1.316967488041573
1.911465443752062,0.08498754835736885,1.4054202592178926
1.3259118218526151,0.038064283277448534,1.1638127144479482
1.8824270282935684,0.06231404108360065,1.388942964669993
1.0048384435183109,0.08379941062383786,1.0332898922791172
1.6464796569764901,0.2534114970007096,1.3551893888778137
1.6455881874766016,0.0741554585942595,1.304302411798083
1.3269184711569162,0.25023536747519465,1.2306888301936083
0.7606830780912366,0.22555688638080162,0.9642876867806816
1.0793064434904125,0.2925454103992217,1.139611995939771
0.93627517735884,0.22854114182617383,1.0524642671979274
1.950317928897627,0.04338278567999775,1.4081388490335836
1.4669336914631912,0.28261239841337443,1.2957210310376313
1.8635567551429875,0.2542074400948024,1.4332523627101017
0.944239654451581,0.13865229448398153,1.0238304914948408
1.1434100878786826,0.13574079353767132,1.115892325913184
1.3510584885478443,0.01897674221555879,1.1684566937672587
1.032092275085464,0.07311604607803472,1.042559019741324
1.1847494407309231,0.21731697346184656,1.1609208288368797
1.3989605858016965,0.042052771827934585,1.196035185382373
0.542428961525866,0.297606018954901,0.8750048432677626
1.0097167323457619,0.016287917379936113,1.0109068554425347
0.5003325495654473,0.2973823036155646,0.8505111858624322
1.2238064330025094,0.09590019598464361,1.1383020600837863
1.4120009976206604,0.143650912068954,1.2327770202564516
0.6394856900985013,0.16818672117042432,0.8750004177006544
0.863141603217195,0.09397042396788761,0.9662398362689828
1.7059877315885206,0.0739442953843138,1.3271947683466643
1.7604223397743965,0.024665066615797926,1.3337620251515054
1.081599881405547,0.2487955712851073,1.126142335528408
1.7213355958118401,0.29196971760283613,1.392951142005335
0.9157103795482141,0.046411668014175796,0.9749457064672093
1.5591623334702225,0.25935094317952184,1.3242641507096928
1.3181849354856716,0.21895643966402775,1.2175394306689589
1.1601486183539937,0.2275653489412243,1.1536128596977029
1.484663414260665,0.1224635835166535,1.2555919328739553
0.520086018645785,0.02669672390517913,0.7349207859182303
0.7436651640625329,0.21022270584627065,0.9493851660138976
0.9407351965819347,0.2890166642934736,1.075870668250622
1.5208439146543973,0.20103989153993754,1.2929129256486496
1.5593529700420614,0.07787517093853213,1.2719116904274292
1.52114123627904,0.1656532265888019,1.2827241153968538
1.6514256598456136,0.045285791484798894,1.2982257136026898
0.619327341520602,0.21818477838338105,0.8848536180115544
0.658833362623032,0.20513061622775594,0.9014883941537178
1.7830267403931708,0.13957025981718313,1.3739375659963804
1.0352566294417016,0.01251270317380314,1.0220768840072914
1.3525569357252647,0.0275061608491071,1.171830429866922
1.2552542086001213,0.2077735290470691,1.187890716937136
1.4399938570064368,0.21079986956511232,1.2641573316562582
0.6154200668419284,0.17681070479578376,0.8648861748454337
1.6546853395496215,0.07603045460841056,1.3083226591731603
0.6851034922447305,0.2023081602813193,0.9147866485993988
1.5220616927510529,0.040596508452458074,1.245997220739435
1.1032131487260661,0.1920273667144061,1.1167961648223326
1.2383924540932076,0.17597219330673197,1.1706287195662237
1.5075406015411168,0.11309315464155524,1.2618876604208011
1.0565041260434551,0.07355815206857784,1.0543589237517215
0.5690562070272083,0.22012898396513797,0.8568272550526517
1.9463173275824084,0.06248766695371392,1.4118013591853826
1.284015349111874,0.055632850839511715,1.1514078283742506
1.6132169615912912,0.19350159452906177,1.3260253230945809
1.296942250586259,0.20158111395243067,1.203381936897252
1.7295303540049582,0.03957103848862193,1.326351624898701
1.3469242686315888,0.08606360904032648,1.188053860484378
0.6841353175807939,0.038592849884723585,0.844440616618088
1.462859846983708,0.2750111240906622,1.2919435707691356
0.7591110041554765,0.012432089380366931,0.8766042842644289
1.7354812025249413,0.11179335753886874,1.3488240139762833
1.5215924007092232,0.05547809215508322,1.2502803564903096
1.9097129572146616,0.14542851433460105,1.4208393093399452
1.4436211843122657,0.27298283364289666,1.2838840716920037
0.8377446461821565,0.21513914913181784,0.9995494024964549
1.3357063187379246,0.11445038883768366,1.192285247063884
1.6576584154398455,0.06412957167649513,1.3060457856435268
1.5678324462876145,0.21445351879614463,1.3147899396423457
1.0134450590022277,0.16715560316641556,1.067151236412646
1.4830267259057064,0.21888409119794802,1.2834289206279277
1.9029035919516115,0.02300803296399242,1.3856982415643768
1.5272150646493032,0.06021078100648895,1.2539430411323196
1.050952103378703,0.10276325748718336,1.0620849996559083
1.8661374955751426,0.14529564206985043,1.4053857929862286
1.741436289092259,0.17513934589485816,1.3684994696796207
1.7827756404007515,0.17300725847615492,1.3829429070854182
0.6602620650399524,0.16744554195953476,0.8864796791295351
0.9362432504610321,0.17417373890781843,1.0328957133427827
1.6851917039903035,0.1310679307070448,1.3354746916436069
0.9122112438270263,0.09085572615230177,0.9901277889450698
0.6105589033367842,0.16025756685557369,0.8548403818716477
1.524899018708879,0.04533954884983977,1.2485606434395804
1.6989049347185585,0.22728869723300693,1.367249595956537
1.462651712210547,0.2863513599080931,1.2951506600166702
1.017265004637507,0.02568798136051241,1.0181016602765616
1.339659978451323,0.23687487092225631,1.2317938673507898
0.5322799271711907,0.07491153843871226,0.767113799250297
1.3439924836295871,0.10755929293096729,1.1935920380631788
1.7852017620726173,0.01972607091882305,1.3416394132782976
0.617079852521855,0.2910348811065474,0.9139781252041898
1.074979094821748,0.17300772556385866,1.0976041586084857
0.74729557628973,0.03365861535081137,0.8789422835447379
1.0700118449498848,0.10325113401969305,1.0711910172628665
